2018-01-09T10:37:35,Agents - Download the latest window posters from Cox & Kings ,271.85,"['271.85', '264.70', '264.85', '266.70', '267.25']"
2018-02-07T21:30:42,Alaskans own 53 185 shares of COX & KINGS LTD  worth $189 364. It's from the AMUSEMENT LEISURE TIME & RECREATION sector  based in INDIA.,247.40,"['247.40', '255.35', '250.65', '257.40', '252.05']"
2018-02-07T05:53:17,I (@ Cox & Kings in Mumbai  Maharashtra) ,247.40,"['247.40', '255.35', '250.65', '257.40', '252.05']"
2018-01-30T14:10:27,It’s raining deals and discounts in our 260th year! Book your international trip with Cox & Kings and you could win fab holidays  discount vouchers and other freebies. Book now - ,254.85,"['254.85', '249.75', '243.60', '235.30', '236.35']"
2018-01-08T07:22:18,Zoya Pandey - Abbott Healthcare explains her choice along side Sanjeev Dhiman - Cox & Kings and Madhu Dua - Reliance jio at #magzimise Awards jury meet at Mumbai @PandeyZoya @CoxAndKings @reliancejio @e4mtweets @MitrajitB pic.twitter.com/4fhP7izDNf,274.15,"['274.15', '271.85', '264.70', '264.85', '266.70']"
2018-02-08T13:38:03,#meting #djsaka #djsaka Rox #galadari hotel grand ballroom #evening #happy #life #indyan #events #party #Dance #cox & Kings pic.twitter.com/ZZXsiuwHIm,255.35,"['255.35', '250.65', '257.40', '252.05', '250.45']"
2018-02-08T07:55:14,Maharaja train by Cox kings tried that..instead why not invite indian bloggers who know history of the geography better than some outsiders  our Indians  presence on net is huge can attract the world or NRI..??,255.35,"['255.35', '250.65', '257.40', '252.05', '250.45']"
2018-02-08T04:00:21,Pollution and Unhealthy Street Food We all lov ,255.35,"['255.35', '250.65', '257.40', '252.05', '250.45']"
2018-03-13T20:57:27,Find out how to Travel Like a Royal from Luxury Travel Magazine featuring Cox & Kings ,250.10,"['250.10', '249.50', '251.25', '236.00', '238.05']"
2018-03-13T12:55:44,Cox & Kings Customer Care Contacts: Cox & Kings is the longest established travel company… ,250.10,"['250.10', '249.50', '251.25', '236.00', '238.05']"
2018-03-13T11:55:05,Cox & Kings’ Philip Hamilton-Grierson recounts his journey along the #KumanoKodo pilgrimage trail in #Japan. Escaping the hubbub of Japan’s busy cities  the beauty and tranquillity of the mountain path was welcomed. You can read his experience here: ,250.10,"['250.10', '249.50', '251.25', '236.00', '238.05']"
2018-03-13T06:42:17,Cox & Kings Celebrates 260th Anniversary with Several Exciting Offers ,250.10,"['250.10', '249.50', '251.25', '236.00', '238.05']"
2018-03-18T12:35:04,Cox & Kings’ Peter Mattinson recently returned from southern Sri Lanka where he stayed at the @Anantara_Hotels. He enjoyed learning about the local culture  spotting wildlife and walking the ramparts of Galle fort. You can read here: ,238.05,"['238.05', '236.30', '243.80', '240.80', '234.15']"
2018-01-29T13:32:04,Pollution and Unhealthy Street Food We all lov ,261.00,"['261.00', '254.85', '249.75', '243.60', '235.30']"
2018-01-31T15:11:40,My feature on Uganda...moving mountains | Cox & Kings Travel ,249.75,"['249.75', '243.60', '235.30', '236.35', '230.75']"
2018-01-31T02:02:37,#COX&KINGS technical alerts: MACD Bearish Centerline Cross  Volume Surge  Downside 200... ,249.75,"['249.75', '243.60', '235.30', '236.35', '230.75']"
2018-01-12T08:01:01,Volumes jump at Cox & Kings counter  ,266.70,"['266.70', '267.25', '264.00', '262.05', '260.50']"
2018-01-12T02:02:01,""" #Life begins when you #jump into the #madness "" A very memorable night with #DjChetas & #AnishSood #ImagicaAnniversaryBash <3  #Cox&Kings #concert #anniversarycelebration #music #musicconcert #vplayujump #jump #dance #sing #b&w #guitars #drums #band #livemusic #liveband #rock pic.twitter.com/cNji5DMxlR",266.70,"['266.70', '267.25', '264.00', '262.05', '260.50']"
2018-02-03T02:36:35,Pollution and Unhealthy Street Food We all lov ,236.35,"['236.35', '230.75', '247.40', '255.35', '250.65']"
2018-01-15T08:51:40,Complaint against Cox & Kings India — cheat - cox and kings -  ,267.25,"['267.25', '264.00', '262.05', '260.50', '262.25']"
2018-03-11T17:46:05,Large volumes: week of 9 March CENTRAL BANK OF INDIA DABUR INDIA LTD CITY UNION BANK LTD Cox & Kings Ltd EIH LTD E I D PARRY INDIA LTD IDBI BANK LTD GODREJ INDUSTRIES LTD KALPATARU POWER TRANSMISSION LTD PNC Infratech Ltd,250.60,"['250.60', '250.10', '249.50', '251.25', '236.00']"
2018-02-25T19:10:25,Pollution and Unhealthy Street Food We all lov ,241.80,"['241.80', '238.95', '238.75', '241.05', '249.85']"
2018-03-24T10:18:50,Thank you Cox & Kings Mumbai Team for the opportunity to meet and present to you about our Non Stop flight to Bali starting Monday April 23 2018. Aren't we all excited! #AriseToSunrise #garudaindonesia #garudaindonesiaindia #lookforward #GarudaExperience #mumbai #India #bali pic.twitter.com/JhhUO0swOL,232.25,"['232.25', '232.70', '228.00', '233.90', '233.55']"
2018-03-24T08:21:19,SSG Capital Management hikes stake in Cox & Kings’ UK arm ,232.25,"['232.25', '232.70', '228.00', '233.90', '233.55']"
2018-03-24T07:09:25,#navycapital : SSG Capital Management #hikes #stake in Cox & Kings’ UK arm | #PrivateEquity ,232.25,"['232.25', '232.70', '228.00', '233.90', '233.55']"
2018-03-24T05:26:43,WildTrek and Cox & Kings going to change the way you plan your World holidays out of East Africa pic.twitter.com/QO1rZeHFas,232.25,"['232.25', '232.70', '228.00', '233.90', '233.55']"
2018-03-24T04:50:03,SSG Capital Management #hikes #stake in Cox & Kings’ UK arm | #PrivateEquity ,232.25,"['232.25', '232.70', '228.00', '233.90', '233.55']"
2018-01-10T13:44:00,#Cox&Kings ltd: Conference Takeaways. Download:Android: ,264.70,"['264.70', '264.85', '266.70', '267.25', '264.00']"
2018-01-10T12:21:45,Pollution and Unhealthy Street Food We all lov ,264.70,"['264.70', '264.85', '266.70', '267.25', '264.00']"
2018-02-13T19:44:12,Cox & Kings Ltd seems to be coming out of leading diagonal (i-ii). Though not entirely sure. In any case  crossing Inr 280 would be a bullish signal and would take the prices up. Medium term target could be determined once some profit taking sets in later. ,252.05,"['252.05', '250.45', '244.05', '236.25', '236.70']"
2018-02-13T09:22:23,Pollution and Unhealthy Street Food We all lov ,252.05,"['252.05', '250.45', '244.05', '236.25', '236.70']"
2018-03-27T23:15:16,5 Smart Moves at Cox &amp; Kings  The William Vale and More  ,232.70,"['232.70', '228.00', '233.90', '233.55', '233.55']"
2018-03-27T07:00:46,India Digest: Cox & Kings sells 11.58% in arm; Global funds eye Pepe Jeans ,232.70,"['232.70', '228.00', '233.90', '233.55', '233.55']"
2018-03-27T04:39:46,Passage Through Kerala – Discover India with Cox & Kings and save up to £235 per person with Low Cost Deals Call us today on 0845 528 0353 Or visit - ,232.70,"['232.70', '228.00', '233.90', '233.55', '233.55']"
2018-03-12T17:33:55,Know this.....In 1758  Cox & Kings became the world's first travel agency.,250.60,"['250.60', '250.10', '249.50', '251.25', '236.00']"
2018-03-12T12:30:55,Can anyone suggest good hotels in London and Scotland  not very expensive but better than what they give in Cox & Kings.,250.60,"['250.60', '250.10', '249.50', '251.25', '236.00']"
2018-03-12T05:36:42,Special offers from Cox & Kings See the latest range of holiday offers and luxury holiday deals from Cox & Kings. Get in touch with Cox and Kings official ambassadors on 0845 528 0096 for more information #offers Or visit - ,250.60,"['250.60', '250.10', '249.50', '251.25', '236.00']"
2018-02-02T05:18:39,Initiatives for increasing Indian arrivals to Bulgaria were discussed at  a meeting with one of the biggest touroperators in India Cox &  Kings Ltd. pic.twitter.com/x1N7bSDkhQ,235.30,"['235.30', '236.35', '230.75', '247.40', '255.35']"
2018-01-18T17:01:08,10 Higher exemption limit for life insurance  11 Lower Rate for common effluent treatment plants - +ve Wabag  12 Lower rate for mining/exploration of oil/gas - +ve Aban  Dolphin  13 Lower rate for tour operator services - +ve Cox/Kings #GSTCouncilMeet #GST #GSTUpdates,260.50,"['260.50', '262.25', '260.70', '258.60', '256.20']"
2018-01-18T16:37:45,GST Meeting Update: Higher exemption limit for life insurance Lower Rate for common effluent treatment plants - +ve Wabag Lower rate for mining/exploration of oil/gas - +ve Aban  Dolphin  Lower rate for tour operator services - +ve Cox/Kings,260.50,"['260.50', '262.25', '260.70', '258.60', '256.20']"
2018-01-18T16:04:49,10 Higher exemption limit for life insurance 11 Lower Rate for common effluent treatment plants - +ve Wabag 12 Lower rate for mining/exploration of oil/gas - +ve Aban  Dolphin  13 Lower rate for tour operator services - +ve Cox/Kings #GSTCouncilMeet,260.50,"['260.50', '262.25', '260.70', '258.60', '256.20']"
2018-01-18T14:23:39,9 Complete Exemption reinsurance services 10 Higher exemption limit for life insurance 11 Lower Rate for common effluent treatment plants - +ve Wabag 12 Lower rate for mining/exploration of oil/gas - +ve Aban  Dolphin  13 Lower rate for tour operator services - +ve Cox/Kings,260.50,"['260.50', '262.25', '260.70', '258.60', '256.20']"
2018-01-18T14:22:20,9 Complete Exemption reinsurance services 10 Higher exemption limit for life insurance 11 Lower Rate for common effluent treatment plants - +ve Wabag 12 Lower rate for mining/exploration of oil/gas - +ve Aban  Dolphin  13 Lower rate for tour operator services - +ve Cox/Kings,260.50,"['260.50', '262.25', '260.70', '258.60', '256.20']"
2018-01-18T08:06:41,2018 will be the year we travel for food  family  history  adventure and a lot more. Here's a glimpse of what Cox & Kings Group CEO Peter Kerkar has to say about the year's travel trends. Take a look! pic.twitter.com/8ryr4xVJiN,260.50,"['260.50', '262.25', '260.70', '258.60', '256.20']"
2018-04-15T09:57:38,Cox & Kings ‘Student Special’ program offers Indian students Multi currency VISA prepaid cards along ,243.85,['243.85']
2018-04-14T10:45:05,Cox & Kings' Latin America expert Cat is currently in Nicaragua. She has visited the idyllic Corn Islands  the colonial city of Leon and hiked up to the mouth of the Masaya volcano. #masayavolcano #nicaragua #latinamerica pic.twitter.com/ysuiJ0mrdo,243.85,['243.85']
2018-04-14T08:38:01,Hi @mattieelsner  You can write to us on social.media@coxandkings.com and we will take it forward from there.  Warm Regards  Team Cox & Kings India,243.85,['243.85']
2018-04-14T04:15:53,COX & KINGS PRESENTS MIND-BLOWING OFFERS ON CUSTOMISED HOLIDAYS - ,243.85,['243.85']
2018-03-05T20:46:46,Cox & Kings reports 81% rise in Middle East & North Africa bookings ,249.85,"['249.85', '249.75', '253.80', '255.30', '253.05']"
2018-03-05T10:31:15,Cox & Kings reports 81% rise in Middle East & North Africa bookings: Growth reflects increased consumer confidence across region  says operator ,249.85,"['249.85', '249.75', '253.80', '255.30', '253.05']"
2018-03-05T10:30:42,Cox & Kings reports 81% rise in Middle East & North Africa bookings ,249.85,"['249.85', '249.75', '253.80', '255.30', '253.05']"
2018-03-05T10:28:28,Cox & Kings reports 81% rise in Middle East & North Africa bookings ,249.85,"['249.85', '249.75', '253.80', '255.30', '253.05']"
2018-03-05T06:45:19,some good movement expected in UCALFuel and Cox&Kings,249.85,"['249.85', '249.75', '253.80', '255.30', '253.05']"
2018-03-05T06:14:33,Stock in Action: Top Gainers -Nifty500. Don't miss the Action here: ,249.85,"['249.85', '249.75', '253.80', '255.30', '253.05']"
2018-03-03T04:59:31,Travel services firm Cox & Kings completes 260 years | ET BrandEquity  …,249.85,"['249.85', '249.75', '253.80', '255.30', '253.05']"
2018-03-03T04:40:00,Travel services firm Cox & Kings completes 260 years. Read: ,249.85,"['249.85', '249.75', '253.80', '255.30', '253.05']"
2018-03-03T04:05:34,Travel services firm Cox & Kings completes 260 years #ETSpecials ,249.85,"['249.85', '249.75', '253.80', '255.30', '253.05']"
2018-03-03T03:50:00,#COX_KINGS - clear buy signal  - ,249.85,"['249.85', '249.75', '253.80', '255.30', '253.05']"
2018-03-03T03:48:06,clear buy signal  $COX_KINGS ,249.85,"['249.85', '249.75', '253.80', '255.30', '253.05']"
2018-02-20T12:39:02,Wishing all agents attending the Cox & Kings Evening in Stratford upon Avon a marvellous night of infotainment!,236.70,"['236.70', '234.60', '234.95', '239.75', '241.80']"
2018-02-20T12:00:15,Cox & Kings’ client Terry Davies recently returned from #SouthAfrica where he admired the view over the Cape from #TableMountain  discussed the past and present and enjoyed a safari through the #Kruger National Park. You can read his highlights here: ,236.70,"['236.70', '234.60', '234.95', '239.75', '241.80']"
2018-02-20T05:17:25,STOCKS ON THE SHOW TODAY INFOSYS APOLLO HOSPITALS SUN PHARMA CAN FIN HOMES COX& KINGS,236.70,"['236.70', '234.60', '234.95', '239.75', '241.80']"
2018-01-11T16:00:24,Canada...good enough to eat | Cox & Kings Travel ,264.85,"['264.85', '266.70', '267.25', '264.00', '262.05']"
2018-04-07T18:02:34,Pollution and Unhealthy Street Food We all lov ,238.50,"['238.50', '238.80', '237.85', '235.95', '235.65']"
2018-02-21T11:55:04,Cox & Kings’ book club has a selection of hard-to-put-down reads  from a gripping murder mystery  to an autobiography or a fantasy novel. Alternatively  we have a couple of audiobooks: perfect for multi-taskers. See our list here: ,234.60,"['234.60', '234.95', '239.75', '241.80', '238.95']"
2018-02-21T11:47:20,Cox & Kings Ltd.: Buy Cox & Kings  target Rs 325: Sharekhan  ,234.60,"['234.60', '234.95', '239.75', '241.80', '238.95']"
2018-02-21T02:54:14,Buy Cox & Kings  target Rs 325: Sharekhan ,234.60,"['234.60', '234.95', '239.75', '241.80', '238.95']"
2018-02-21T02:05:47,Pollution and Unhealthy Street Food We all lov ,234.60,"['234.60', '234.95', '239.75', '241.80', '238.95']"
2018-03-20T14:37:15,@IndianEmbassyUS  and I applied for a renewal at Indian Embassy  Washington DC. It looks like CKGS (Cox & Kings Global Services) is the only third party in the US. To renew a passport  an Indian citizen in the US has to go through CKGS and there is no second option. Since we stay,236.30,"['236.30', '243.80', '240.80', '234.15', '232.25']"
2018-03-20T04:56:00,#SharekhanFNA: Domestic air traffic was up by 24% in lean season of Feb 2018 with capacity utilization of more than 80% – positive for aviation sector (Indigo  Jet Airways  Spicejet) and tour operators (Cox & Kings and Thomas Cook India)  #SharekhanKar #SharekhanResearch #Nifty,236.30,"['236.30', '243.80', '240.80', '234.15', '232.25']"
2018-01-26T00:40:50,Number of Indians travelling to Morocco set to rise with Cox & Kings new visa centres ,261.00,"['261.00', '254.85', '249.75', '243.60', '235.30']"
2018-01-26T00:03:49,Number of Indians travelling to Morocco set to rise with Cox & Kings new visa centres - Cox & Kings Global Services (CKGS)  announced the opening of Morocco Visa Application and Information… The post Number of Indians travelling to Morocco set to rise... ,261.00,"['261.00', '254.85', '249.75', '243.60', '235.30']"
2018-01-13T20:00:00,#COX_KINGS - COX & KINGS - PLAY in a range - ,267.25,"['267.25', '264.00', '262.05', '260.50', '262.25']"
2018-01-13T19:51:36,COX & KINGS - PLAY in a range $COX_KINGS ,267.25,"['267.25', '264.00', '262.05', '260.50', '262.25']"
2018-01-13T14:10:52,I have been given a BA booking reference by my tour company Cox & Kings.  Can I not book seats with a booking reference?,267.25,"['267.25', '264.00', '262.05', '260.50', '262.25']"
2018-01-13T11:21:10,Head to #India and Beyond with Cox & Kings - #EssentialJourneys ,267.25,"['267.25', '264.00', '262.05', '260.50', '262.25']"
2018-03-17T23:16:58,Pollution and Unhealthy Street Food We all lov ,238.05,"['238.05', '236.30', '243.80', '240.80', '234.15']"
2018-03-25T22:16:50,Pollution and Unhealthy Street Food We all lov ,232.25,"['232.25', '232.70', '228.00', '233.90', '233.55']"
2018-03-25T11:00:05,New Delhi travel agents attended an event by Cox & Kings and The Embassy of the Kingdom of Morocco. #TravelAgentNews ,232.25,"['232.25', '232.70', '228.00', '233.90', '233.55']"
2018-03-25T01:42:22,Large volumes (week of 23 March) ASHOKA BUILDCON LTD GHCL LTD Cox & Kings Limited Sobha Limited GUJARAT STATE PETRONET LTD JBF INDUSTRIES LTD HIKAL LTD CUMMINS INDIA LTD ZEE ENTERTAINMENT ENTERPRISES LTD PRISM CEMENT LTD #bse #NSE,232.25,"['232.25', '232.70', '228.00', '233.90', '233.55']"
2018-03-16T11:45:05,Today is #WorldSleepDay  which is making us think about all the wonderful places we’ve fallen asleep. Have you got any memorable stories from sleeping under the stars or camping out? Cox & Kings’ experts choose their five favourite places here: ,236.00,"['236.00', '238.05', '236.30', '243.80', '240.80']"
2018-03-16T10:46:37,Stock in Action: Top Losers -Nifty500 Don’t Miss the Stocks in Action: ,236.00,"['236.00', '238.05', '236.30', '243.80', '240.80']"
2018-03-16T07:07:57,COX & KINGS - Credit rating by CARE & Brickwork  Commercial Paper: Enhanced from Rs. 1 397 cr to Rs. 2 022 crores and reaffirms rating at 'CARE A1+' and 'BWR A1+' Long-term Bank facilities: Enhanced from Rs. 1 537 cr to Rs. 1 787 cr and reaffirms rating at 'CARE AA' by CARE,236.00,"['236.00', '238.05', '236.30', '243.80', '240.80']"
2018-03-16T05:43:34,Analyse the Mojo Stocks in the Nifty Small 100 Index: MRPL: ,236.00,"['236.00', '238.05', '236.30', '243.80', '240.80']"
2018-02-06T17:03:22,Top 7 experiences in...Argentina | Cox & Kings Travel ,230.75,"['230.75', '247.40', '255.35', '250.65', '257.40']"
2018-02-06T13:52:57,@SushmaSwaraj Our Chicago Consulate and Cox & Kings outsourcing team giving very poor service to OCI applicants. My daughter Shachi Abhyankar is feeling cheated. Two months after confirming OCI card is ready  now they are saying the application is non existant. Pl. Look into it.,230.75,"['230.75', '247.40', '255.35', '250.65', '257.40']"
2018-02-06T11:02:20,Discover the wonders of #Europe with Cox & Kings - European Classical Masterpiece' tour from #NTTOman   14 Nights/ 15 Days  Package Cost: From OMR 1157.000 pp on double / triple sharing basis  For further details: ,230.75,"['230.75', '247.40', '255.35', '250.65', '257.40']"
2018-02-06T08:00:25,Cox & Kings unveils Rome break to mark Finding Your Feet release ,230.75,"['230.75', '247.40', '255.35', '250.65', '257.40']"
2018-02-06T05:58:07,I got a better rate at Cox& Kings Indiranagar. But you can always check out the rates online and at different places.,230.75,"['230.75', '247.40', '255.35', '250.65', '257.40']"
2018-02-06T05:56:13,Which one between Thomas Cook and Cox & Kings?,230.75,"['230.75', '247.40', '255.35', '250.65', '257.40']"
2018-02-06T05:54:44,FX Kart online has been used by some friends. I have also used Thomas Cook/ Cox & Kings on occasion.,230.75,"['230.75', '247.40', '255.35', '250.65', '257.40']"
2018-02-06T02:34:42,This is NOT a tourist destination but a religious pilgrimage ! Cox & Kings is not the agency for it ! If this... ,230.75,"['230.75', '247.40', '255.35', '250.65', '257.40']"
2018-03-15T12:46:44,Cox & Kings has launched an Exclusive Collection of hotels  hand-picked for their style  character and location. They make for a perfect for a weekend away. Read here: ,251.25,"['251.25', '236.00', '238.05', '236.30', '243.80']"
2018-03-15T00:03:35,Enabling holidays for 260 years and beyond… - From its 1758 assignment to the Foot Guard regiment in India  Cox & Kings is now a diversified multinational travel conglomerate made up of three key verticals – leisure  education  and hybrid hotels – tha... ,251.25,"['251.25', '236.00', '238.05', '236.30', '243.80']"
2018-04-03T20:51:12,Pollution and Unhealthy Street Food We all lov ,233.55,"['233.55', '233.55', '236.65', '236.25', '238.50']"
2018-04-03T11:05:08,Happy #WorldPartyDay! Have you ever experienced one of India’s festivities? See Cox & Kings’ favourite here: ,233.55,"['233.55', '233.55', '236.65', '236.25', '238.50']"
2018-03-21T22:35:01,Cox & Kings Offers Epic Graduation Trip Ideas ,243.80,"['243.80', '240.80', '234.15', '232.25', '232.70']"
2018-03-21T20:54:14,Cox & Kings Offers Epic Graduation Trip Ideas ,243.80,"['243.80', '240.80', '234.15', '232.25', '232.70']"
2018-03-21T19:21:09,Cox & Kings Offers Epic Graduation Trip Ideas ,243.80,"['243.80', '240.80', '234.15', '232.25', '232.70']"
2018-03-21T19:21:05,Cox & Kings Offers Epic Graduation Trip Ideas ,243.80,"['243.80', '240.80', '234.15', '232.25', '232.70']"
2018-03-21T11:42:00,Analyse the stocks that gained with falling investor participation Bombay Fashion: ,243.80,"['243.80', '240.80', '234.15', '232.25', '232.70']"
2018-03-21T03:55:51,COX & KINGS LAUNCHES NEW PACKAGES OF GUARANTEED COACH TOURS - ,243.80,"['243.80', '240.80', '234.15', '232.25', '232.70']"
2018-01-04T15:37:54,Jain Irr.? Ambani Ports  VGuard? Cox&Kings? Disturbing.,270.00,"['270.00', '272.60', '274.15', '271.85', '264.70']"
2018-01-04T12:12:18,Uganda...moving mountains | Cox & Kings Travel ,270.00,"['270.00', '272.60', '274.15', '271.85', '264.70']"
2018-01-04T08:22:54,@SushmaSwaraj Application for COI card sent thru Cox & Kings for my grandson pending since long please help,270.00,"['270.00', '272.60', '274.15', '271.85', '264.70']"
2018-01-04T04:41:26,Cox & Kings is the official one afaik.,270.00,"['270.00', '272.60', '274.15', '271.85', '264.70']"
2018-02-14T16:21:32,#Cox & Kings #Q3FY18 pic.twitter.com/sR2l0xnAow,252.05,"['252.05', '250.45', '244.05', '236.25', '236.70']"
2018-02-14T14:30:28,Cox  Kings Q3 net profit up 3-fold at Rs 77 crore ,252.05,"['252.05', '250.45', '244.05', '236.25', '236.70']"
2018-02-14T11:23:17,COX & KINGS 3Q NET PROFIT 961.5M RUPEES (EST 181M) VS 152M YOY || REVENUE 13.48B VS 13.74B YOY,252.05,"['252.05', '250.45', '244.05', '236.25', '236.70']"
2018-02-14T11:17:04,Earnings Report: Cox & Kings Q3 PAT at Rs 96.1 Cr Vs Rs 15.2 Cr YoY,252.05,"['252.05', '250.45', '244.05', '236.25', '236.70']"
2018-02-14T04:32:39,Results Today:  Sun Pharma  8K Miles  Allahabad Bank  Apollo Hospitals  Balkrishna Industries  Cox & Kings  Dena Bank  Godrej Industries  Grasim  Indo Count Industries  Infibeam  Jet Airways  Nestle  NLC India  Repco Home  Speciality Restaurants  Sunteck Realty  Tata Power.,252.05,"['252.05', '250.45', '244.05', '236.25', '236.70']"
2018-02-14T03:42:35,Results today: Sun Pharma  Tata Power  Idea Cellular  Grasim Ind  Apollo Hospitals Ent  Balkrishna Ind  Cox & Kings  Dena Bank  8K Miles  Jet Airways  Allahabad Bank  NCC  Godrej Ind  HDIL  Nestle India  Vivimed Labs  Welspun Ent  Indo CountRepco Home Finance  Sunteck Realty,252.05,"['252.05', '250.45', '244.05', '236.25', '236.70']"
2018-02-14T03:04:05,Earnings Today: Cox & Kings  Dena Bank  Godrej Industries  Grasim Industries  Nlc India,252.05,"['252.05', '250.45', '244.05', '236.25', '236.70']"
2018-02-14T02:09:34,Other Earnings To Watch     8K Miles Software Services     Allahabad Bank     Apollo Hospitals Enterprise     Balkrishna Industries     Cox & Kings     Dena Bank     Godrej Industries     Grasim Industries     Indo Count Industries     Infibeam Incorporation     Jet Airways,252.05,"['252.05', '250.45', '244.05', '236.25', '236.70']"
2018-02-14T01:45:06,#Q3WithBQ  NIFTY RESULTS TODAY: Sun Pharma OTHERS: 8k Miles  Allahabad Bank  Apollo Hospital  Balkrishna Industries  Cox & Kings  Dena Bank Godrej Inds  Grasim  Indo Count  Infibeam  Jet Airways  Nestle India  NLC India  Repco Home Sunteck Realty  Tata Power  Welspun Enterprises,252.05,"['252.05', '250.45', '244.05', '236.25', '236.70']"
2018-04-13T15:43:26,#justicforasifa #kathua  @ Cox & Kings Vaman Centre ,235.65,"['235.65', '243.85']"
2018-01-03T09:46:49,Added one more stock today COX & KINGS  not adding anymore after this  will buy PSUbank futures when they give a signal.,268.10,"['268.10', '270.00', '272.60', '274.15', '271.85']"
2018-02-26T06:11:45,#Software #Strategy SSG buys stake in Cox  Kings subsidiary - Shared from ,241.80,"['241.80', '238.95', '238.75', '241.05', '249.85']"
2018-02-12T09:52:21,#CashMkt Stocks..  AHLUWALIA BHUSTAN  COX & KINGS DB REALTY DENA BANK ENDURANCE GATEWAY DISTRI GITANJALI GLOBUS SPIRITS JBM AUTO JSL KOHINOOR FOODS LOVABLE MERCATOR MT EDU PROVOGUE PUNJ LLOYD RELIGARE SHREE RENUKA REPCO HOME TALBROS TITAGARH WELSPUN ENT @CNBC_Awaaz #Q3WithAwaaz,257.40,"['257.40', '252.05', '250.45', '244.05', '236.25']"
2018-02-12T02:42:26,Alaskans own 53 185 shares of COX & KINGS LTD  worth $189 364. It's from the AMUSEMENT LEISURE TIME & RECREATION sector  based in INDIA.,257.40,"['257.40', '252.05', '250.45', '244.05', '236.25']"
2018-01-25T23:39:46,Number of Indians travelling to Morocco set to rise with Cox & Kings new visa centres : ,259.95,"['259.95', '261.00', '254.85', '249.75', '243.60']"
2018-01-25T19:39:34,Cox & Kings Expands Travel Agent Support ,259.95,"['259.95', '261.00', '254.85', '249.75', '243.60']"
2018-01-25T10:01:04,Up next at the #jaipurliteraturefestival: Nobel Peace Prize-winning economist  Dr. Muhammad Yunus (@Yunus_Centre) in conversation with @mihirssharma about his new book at Cox & Kings Charbagh. The Three Zeros: 5:15pm – 6:15pm #JaipurLiteratureFestival  #AKFatJLF pic.twitter.com/BQMBOVUPG2,259.95,"['259.95', '261.00', '254.85', '249.75', '243.60']"
2018-01-25T08:03:42,Cox & Kings Global Services opens Morocco Visa Application Centres in India ,259.95,"['259.95', '261.00', '254.85', '249.75', '243.60']"
2018-01-25T07:07:48,Yes they do: I saw a photograph with “Bank of Baroda Front Lawn” and “Cox & Kings Charbagh.” ,259.95,"['259.95', '261.00', '254.85', '249.75', '243.60']"
2018-02-22T12:38:07,Cox & Kings’ client John Hague spotted a variety of wildlife on his recent trip to #CostaRica  including hummingbirds  capuchin monkeys and tree frogs. You can read about his experience here: ,234.95,"['234.95', '239.75', '241.80', '238.95', '238.75']"
2018-02-22T08:38:30,I'm at Cox & Kings in Mumbai  Maharashtra ,234.95,"['234.95', '239.75', '241.80', '238.95', '238.75']"
2018-02-22T07:48:14,It's like one of those 15-day Cox & Kings tour of America for an Indian family  but in reverse  ,234.95,"['234.95', '239.75', '241.80', '238.95', '238.75']"
2018-02-22T06:01:34,Cox &amp; Kings Q3FY18: Partially Book Profits at current levels ,234.95,"['234.95', '239.75', '241.80', '238.95', '238.75']"
2018-02-22T03:24:12,Cox & Kings Ltd Q3 FY18 PAT jumps 530% to Rs 96 crores ,234.95,"['234.95', '239.75', '241.80', '238.95', '238.75']"
2018-01-28T21:46:20,Cox & Kings Holiday Club D 15 South Extension Part 2 New Delhi 110049 260 Years Celebrations pic.twitter.com/rgFTAiekb3,261.00,"['261.00', '254.85', '249.75', '243.60', '235.30']"
2018-01-28T03:40:01,Become a tourist in Greenland this summer Cox & Kings is launching a range of new tours and experiences to Gre ,261.00,"['261.00', '254.85', '249.75', '243.60', '235.30']"
2018-01-05T15:50:48,Amazing upgrade offers with British Airways and Cox & Kings only available to 30 Jan  ,272.60,"['272.60', '274.15', '271.85', '264.70', '264.85']"
2018-01-05T07:48:49,Uganda...moving mountains | Cox & Kings Travel ,272.60,"['272.60', '274.15', '271.85', '264.70', '264.85']"
2018-01-05T07:00:38,COX & KINGS FLATTERS NEWLYWEDS WITH SPECIAL PERKS ON HONEYMOON HOLIDAYS 2018 - ,272.60,"['272.60', '274.15', '271.85', '264.70', '264.85']"
2018-02-23T02:42:56,HOS : IIFL Wealth initiated buy call on. #ICICIBANK TP 350 ( 10% UP) #AXISBANK TP 650 ( 21% UP) #INDUSINDBANK TP 1950 ( 22% UP #M&M TP 890 ( 26% UP) #LUPIN TP 700 (-14% DN) #BHEL TP 109 ( 19% UP) #CESC TP 1270 (29% UP) #COX&KINGS TP 360 (53% UP) #ValueInvesting,239.75,"['239.75', '241.80', '238.95', '238.75', '241.05']"
2018-04-01T22:23:32,Coming soon...Global Cox & Kings 'Student Special' program offers Indian students Multi… ,233.90,"['233.90', '233.55', '233.55', '236.65', '236.25']"
2018-04-01T22:06:57,Cox & Kings 'Student Special' program offers Indian students Multi currency VISA prepaid… ,233.90,"['233.90', '233.55', '233.55', '236.65', '236.25']"
2018-04-01T22:04:14,Cox & Kings 'Student Special' program offers Indian students Multi currency VISA prepaid cards along от Jetairways… ,233.90,"['233.90', '233.55', '233.55', '236.65', '236.25']"
2018-04-01T11:47:06,#stockstowatch -Cadila Health: Zero observatns for USFDA inspection of Topical facility -PNB to settle 352 LOUs and FLCs worth Rs 6500 cr maturing by Mar 31 -Punj Lloyd:Rs 860 cr order win -Cox & Kings to seek S/Hs approval for demerger of travel & financial service biz on May 10,233.90,"['233.90', '233.55', '233.55', '236.65', '236.25']"
2018-04-01T08:30:12,I liked a @YouTube video ,233.90,"['233.90', '233.55', '233.55', '236.65', '236.25']"
2018-04-06T12:21:38,@Tata_Crucible #TCCQ18 Tiger Woods Cox kings,236.25,"['236.25', '238.50', '238.80', '237.85', '235.95']"
2018-04-06T12:20:59,@Tata_Crucible #TCCQ18 tOver woods cox kings,236.25,"['236.25', '238.50', '238.80', '237.85', '235.95']"
2018-04-06T12:20:33,@Tata_Crucible ans. Cox & Kings #TCCQ18,236.25,"['236.25', '238.50', '238.80', '237.85', '235.95']"
2018-04-06T10:00:41,PERU HOLIDAYS BY COX & KINGS Peru has one of the most breathtaking archaeological sights in the world in Machu Picchu. Peru also offers a wealth of other magnificent sights  from the stunning scenery of the... ,236.25,"['236.25', '238.50', '238.80', '237.85', '235.95']"
2018-04-06T04:09:36,Cox & Kings launches Greenland tours ,236.25,"['236.25', '238.50', '238.80', '237.85', '235.95']"
2018-04-12T21:50:07,Retrace World War II History With Cox & Kings @TravelPulse ,235.95,"['235.95', '235.65', '243.85']"
2018-04-12T15:05:45,News - Retrace World War II History With Cox & Kings | JS Paradise Travel ,235.95,"['235.95', '235.65', '243.85']"
2018-04-12T13:40:06,Including the summer capital of colonial India and the hill station synonymous with tea  find out Cox & Kings favourite Indian mountain trains here: ,235.95,"['235.95', '235.65', '243.85']"
2018-02-05T14:13:15,Cox & Kings unveils Rome break to mark Finding Your Feet release ,236.35,"['236.35', '230.75', '247.40', '255.35', '250.65']"
2018-02-05T14:13:13,Cox & Kings unveils Rome break to mark Finding Your Feet release: Itinerary follows romantic comedy casts’ weekend trip to the Eternal City ,236.35,"['236.35', '230.75', '247.40', '255.35', '250.65']"
2018-02-05T14:10:05,Cox & Kings unveils Rome break to mark Finding Your Feet release ,236.35,"['236.35', '230.75', '247.40', '255.35', '250.65']"
2018-02-05T13:04:55,Fulfill your #Europe bucket list with Cox & Kings - European Classical Masterpiece' tour from #NTTOman!   Jam-packed with endless globally renowned attractions to entertain you and blow your mind away.  For further details: ,236.35,"['236.35', '230.75', '247.40', '255.35', '250.65']"
2018-04-11T20:15:09,Retrace World War II History With Cox & Kings | Ginger and Carrie Travel ,237.85,"['237.85', '235.95', '235.65', '243.85']"
2018-04-11T16:19:28,Retrace World War II History With Cox & Kings | Romance Travel Specialist …,237.85,"['237.85', '235.95', '235.65', '243.85']"
2018-04-11T14:43:31,Retrace World War II History With Cox & Kings | Boutique Travel Agency ,237.85,"['237.85', '235.95', '235.65', '243.85']"
2018-04-11T05:45:46,Retrace World War II History With Cox & Kings: These guided tours let you retrace the steps of history #WorldWarII #History #Travel ,237.85,"['237.85', '235.95', '235.65', '243.85']"
2018-04-11T05:11:17,@LATravelMom hey this is Nishant from Cox & Kings India. Could you dm your email id so that I can share exciting travel news for the international travellers for travel pulse? Thanks :),237.85,"['237.85', '235.95', '235.65', '243.85']"
2018-04-11T01:39:05,Retrace World War II History With Cox & Kings ,237.85,"['237.85', '235.95', '235.65', '243.85']"
2018-03-31T13:15:24,Pollution and Unhealthy Street Food We all lov ,233.90,"['233.90', '233.55', '233.55', '236.65', '236.25']"
2018-03-31T10:59:38,#COX & #KINGS SELLS ADDITIONAL 3% #STAKE IN #UK #SUBSIDIARY (to #SSG #Capital #Management)- Check out our site-,233.90,"['233.90', '233.55', '233.55', '236.65', '236.25']"
2018-03-31T06:33:09,Cox & Kings arm sells second tranche of 3% in Prometheon Holdings ,233.90,"['233.90', '233.55', '233.55', '236.65', '236.25']"
2018-03-31T04:49:26,Cox & Kings Ltd sells second tranche of 3% in subsidiary ,233.90,"['233.90', '233.55', '233.55', '236.65', '236.25']"
2018-03-31T02:53:26,Cox & Kings’ arm pares stake in Prometheon Holdings (UK) .. ,233.90,"['233.90', '233.55', '233.55', '236.65', '236.25']"
2018-03-31T01:01:55,Cox & Kings’ arm pares stake in Prometheon Holdings (UK)  ,233.90,"['233.90', '233.55', '233.55', '236.65', '236.25']"
2018-03-01T17:26:28,We celebrated 260th year of Cox & Kings with people who were & are an integral part of the making. Here's a glimpse from the event where Shri K. J. Alphons  Union Minister of State for Electronics & Information Technology  made the occasion memorable.@coxandkingsIN #260YearsOfCNK pic.twitter.com/RoVRpey798,241.05,"['241.05', '249.85', '249.75', '253.80', '255.30']"
2018-03-01T15:18:00,#news Cox & Kings Opens New US Office ,241.05,"['241.05', '249.85', '249.75', '253.80', '255.30']"
2018-03-01T15:17:59,Cox & Kings Opens New US Office ,241.05,"['241.05', '249.85', '249.75', '253.80', '255.30']"
2018-03-01T07:42:48,#India Stocks: IT #FirstSource+4.5%.BFS #EDELWEISS+2.9% $IDBI+4.1%. Food $VENKYS+11.6%.Casino $DELTA+3%.Chemical $BEPL+3%.Tech $MIRC+5.5%.Liquor $RADICO+2%.Cement $DALMIA+5%.Materials $RAIN -3%.Pharma #TORRENT-3.4%.Machinery $ELECON+3.5%.Retail #ShopperStop+2.2%. #CoxKings+2.3%.,241.05,"['241.05', '249.85', '249.75', '253.80', '255.30']"
2018-01-23T17:20:02,#COX_KINGS - Positional Long with tiny SL  - ,258.60,"['258.60', '256.20', '259.95', '261.00', '254.85']"
2018-01-23T17:00:18,Positional Long with tiny SL  $COX_KINGS ,258.60,"['258.60', '256.20', '259.95', '261.00', '254.85']"
2018-01-23T14:53:33,We're gifting you some fabulous holidays! Come  join Cox & Kings 260-year celebration with some happy travels! Book an international group tour with us today  and win yourself a free holiday and other assured gifts! ,258.60,"['258.60', '256.20', '259.95', '261.00', '254.85']"
2018-01-23T10:03:10,Cox & Kings Holiday Club 22-First Floor MGF Metropolitan Mall  (Adjoining Select City Walk)  Saket  New Delhi  Delhi 110017 011 4987 2846 ,258.60,"['258.60', '256.20', '259.95', '261.00', '254.85']"
2018-01-23T07:06:08,Hey! Checkout the details for Cox & Kings Ltd on Justdial. ,258.60,"['258.60', '256.20', '259.95', '261.00', '254.85']"
2018-01-23T06:56:46,Massive savings on Cox & Kings Tours See the latest range of holiday offers and luxury holiday deals with Cox & Kings Call us today 0845 528 0353 Or visit our site  ,258.60,"['258.60', '256.20', '259.95', '261.00', '254.85']"
2018-01-23T04:31:22,260 Years Celebration in Cox & Kings Ltd Bansdroni Outlet. #coxandkings — celebrating 260 Years Birthday of Cox and Kings Ltd.,258.60,"['258.60', '256.20', '259.95', '261.00', '254.85']"
2018-01-23T04:00:08,Happy Birthday Cox & Kings  From Bansdroni Outlet ,258.60,"['258.60', '256.20', '259.95', '261.00', '254.85']"
2018-02-15T10:06:23,@Stock_Phoenix lost money today in cox & kings,250.45,"['250.45', '244.05', '236.25', '236.70', '234.60']"
2018-02-15T09:40:45,Expect 15 000 beds by end of FY19: Cox & Kings ,250.45,"['250.45', '244.05', '236.25', '236.70', '234.60']"
2018-02-15T09:33:56,Expect 15 000 beds by end of FY19: Cox & Kings ,250.45,"['250.45', '244.05', '236.25', '236.70', '234.60']"
2018-02-15T07:09:40,@Stock_Phoenix i wish Cox&Kings give me some profit.. I bought it at 262 since then it's going down..,250.45,"['250.45', '244.05', '236.25', '236.70', '234.60']"
2018-02-15T04:35:49,Cox & Kings stock zooms 4% as Oct-Dec PAT rises sharply. @coxandkingsIN pic.twitter.com/fuPlfPkWNr,250.45,"['250.45', '244.05', '236.25', '236.70', '234.60']"
2018-02-15T03:47:04,Good Nos from  Revenues up 454% at  Rs 299 cr vs Rs 54 cr Net profit up 357% at  Rs 16 cr vs Rs 3.5 cr EBITDA at Rs 11.5 cr vs Rs -10 cr Cox & Kings Q3 (YoY) Revenues down 2% at  Rs 1356 cr vs Rs 1379 cr Net profit up 540% at  Rs 96 cr vs Rs 15 cr EBITDA up 68% at  Rs 168.5 cr,250.45,"['250.45', '244.05', '236.25', '236.70', '234.60']"
2018-02-15T03:24:36,RESULTS UPDATE SUN PHARMA - INLINE NESTLE - GOOD WELSPUN ENT- GREAT PRIME FOCUS- WEAK SHIVAM AUTO- GREAT BARAK VALLEY- GOOD COX & KINGS- GREAT GTPL HATHWAY- GREAT INFIBEAM- GREAT PHOENIX MILLS- WEAK ENDURANCE TECH- GOOD UTTAM SUGAR- WEAK INDO COUNT- WEAK SPECIALITY REST- GOOD,250.45,"['250.45', '244.05', '236.25', '236.70', '234.60']"
2018-02-15T03:22:02,STOCKS TO WATCH: NESTLE INDIA  INDOCOUNT  PNC INFRATECH   COX & KINGS  TORRENT POWER  INDIABULLS REAL ESTATE  JETAIRWAYS  TIME TECHNOPLAST  SUN PHARMA  HDIL  SUNTECK REALTY  INFIBEAM,250.45,"['250.45', '244.05', '236.25', '236.70', '234.60']"
2018-02-15T03:15:49,Cox & Kings Ltd's Q3FY18 consolidated adjusted PAT before share of associates rises 180.7% yoy to Rs79.69cr ,250.45,"['250.45', '244.05', '236.25', '236.70', '234.60']"
2018-02-15T03:00:10,RESULTS UPDATE SUN PHARMA - INLINE NESTLE - GOOD WELSPUN ENT- GREAT PRIME FOCUS- WEAK SHIVAM AUTO- GREAT BARAK VALLEY- GOOD COX & KINGS- GREAT GTPL HATHWAY- GREAT INFIBEAM- GREAT PHOENIX MILLS- WEAK ENDURANCE TECH- GOOD UTTAM SUGAR- WEAK INDO COUNT- WEAK SPECIALITY REST- GOOD,250.45,"['250.45', '244.05', '236.25', '236.70', '234.60']"
2018-02-15T01:53:23,Trade Set Up: In Mid-caps +ve Results Delivered By Cox & Kings  DB Realty  Ahluwalia Contracts,250.45,"['250.45', '244.05', '236.25', '236.70', '234.60']"
2018-01-27T19:42:27,Hi Peter. Thanks for getting in touch. Enable Travel is India’s Premier Accessible Holiday Specialist  powered by Cox & Kings. Do email me shama.noorani@enabletravel.com with your requirements. Looking forward. @enabletravel @debolin_sen,261.00,"['261.00', '254.85', '249.75', '243.60', '235.30']"
2018-01-27T16:00:30,@IndiaVisaDC Visa continued...if I had k own how much paperwork was needed I would  have started 6 mos ago. So first it’s Cox  &Kings form   Indian visa form  my religion my language  the countries I have visited my old passport from  34 yrs ago   my date of arrival in USA conti,261.00,"['261.00', '254.85', '249.75', '243.60', '235.30']"
2018-01-27T08:33:05,Litro world series:India: what a view full book session  #ZeeJlf #jaipurliteraturefestival #charbagh #cox&Kings @ZEEJLF @SanjoyRoyTWA @arvjpr @We_Are_Jaipur @RjShonalii @ShashiTharoor @JLFInsider pic.twitter.com/64j7DUmStA,261.00,"['261.00', '254.85', '249.75', '243.60', '235.30']"
2018-01-02T12:11:06,Pollution and Unhealthy Street Food We all lov ,276.80,"['276.80', '268.10', '270.00', '272.60', '274.15']"
2018-01-02T10:07:26,Recently Cox & Kings organised Product Knowledge Seminar Event Session-1 for Europe & USA for our GTAA Members only. pic.twitter.com/ABmr5jRR76,276.80,"['276.80', '268.10', '270.00', '272.60', '274.15']"
2018-01-02T09:29:14,@krishnakhanna - Guru ji  great call on Cox&Kings. Even though the market is low  it touched 281 now.  Kudos to you sir!,276.80,"['276.80', '268.10', '270.00', '272.60', '274.15']"
2018-01-20T13:18:25,""" The US govt shutdown will have no impact on those travelling from India. Airlines are functioning as per their schedules  the ATC  immigration & customs services which are deemed as essential services are not covered by the shutdown.""Karan Anand  head—relationships  Cox & Kings",260.70,"['260.70', '258.60', '256.20', '259.95', '261.00']"
2018-01-20T09:29:47,Pollution and Unhealthy Street Food We all lov ,260.70,"['260.70', '258.60', '256.20', '259.95', '261.00']"
2018-03-14T16:42:06,Pollution and Unhealthy Street Food We all lov ,249.50,"['249.50', '251.25', '236.00', '238.05', '236.30']"
2018-03-14T04:59:54,Cox & Kings Celebrates 260th Anniversary with Several Exciting Offers ,249.50,"['249.50', '251.25', '236.00', '238.05', '236.30']"
2018-03-14T03:14:51,With strong prediction of hottest summer and strong monsoons this year  focus now on Voltas  CMP 639. Citi recommends buy with Target price of 744. Can also look at other summer strong stocks like Cox & Kings  LEEL  Symphony. Track them. pic.twitter.com/xMM1Pgta5q,249.50,"['249.50', '251.25', '236.00', '238.05', '236.30']"
2018-03-14T02:32:48,HSBC on Cox & Kings  Maintain Hold  hikes TP to Rs 290 (+16%) Stock trades at a significant discount as compared to peers (5.6x FY18 EV/EBITDA) @BloombergQuint pic.twitter.com/BP6OrJ7KQS,249.50,"['249.50', '251.25', '236.00', '238.05', '236.30']"
2018-02-01T11:55:07,Cox & Kings’ client June Price recently returned from our The Golden Triangle & Shimla tour of India. You can read her experiences here: ,243.60,"['243.60', '235.30', '236.35', '230.75', '247.40']"
2018-02-01T02:05:25,#COX&KINGS technical alerts: Expansion Pivot Sell Setup  Shooting Star Candlestick  20... ,243.60,"['243.60', '235.30', '236.35', '230.75', '247.40']"
2018-04-02T09:24:56,Hi  Thank you for the details  we’ll get in touch with you shortly. Alternatively  you can call us on our number: 022 66864811. Warm regards  Team Cox & Kings India,233.90,"['233.90', '233.55', '233.55', '236.65', '236.25']"
2018-04-02T09:12:05,Become a tourist in Greenland this summer Cox & Kings is launching a range of new tours and experiences to Gre ,233.90,"['233.90', '233.55', '233.55', '236.65', '236.25']"
2018-04-02T06:05:52,Cox & Kings approve demerger of its foreign exchange division to a separate financial services company - Cox & Kings Financial Service Ltd The Mojo Stock is trading 1.95% up today  Stock has high FII holding of 35.65% Analyse the stock here: ,233.90,"['233.90', '233.55', '233.55', '236.65', '236.25']"
2018-04-02T05:44:51,Cox & Kings to seek shareholders’ approval for demerger of its travel and financial service business on May 10.,233.90,"['233.90', '233.55', '233.55', '236.65', '236.25']"
2018-04-02T03:22:16,Stock update: Cox & Kings to seek shareholders’ approval for demerger of its travel and financial service business on May 10.,233.90,"['233.90', '233.55', '233.55', '236.65', '236.25']"
2018-04-02T03:21:22,#stock update: Cox & Kings to seek shareholders’ approval for demerger of its travel and financial service business on May 10. @IIFLMarkets #nifty,233.90,"['233.90', '233.55', '233.55', '236.65', '236.25']"
2018-04-02T02:26:22,Cox & Kings to seek shareholders’ approval for demerger of its travel and financial service business on May 10.,233.90,"['233.90', '233.55', '233.55', '236.65', '236.25']"
2018-03-19T15:18:30,Cox & Kings Limited- Result Declared for Third Quarter: Unaudited result for Non-Cumulative ,238.05,"['238.05', '236.30', '243.80', '240.80', '234.15']"
2018-03-19T15:18:30,Cox & Kings Limited- Result Declared for Third Quarter: Unaudited result for Non-Cumulative ,238.05,"['238.05', '236.30', '243.80', '240.80', '234.15']"
2018-03-19T15:11:16,Cox & Kings Limited- Result Declared for Third Quarter ,238.05,"['238.05', '236.30', '243.80', '240.80', '234.15']"
2018-03-19T15:11:15,Cox & Kings Limited- Result Declared for Third Quarter ,238.05,"['238.05', '236.30', '243.80', '240.80', '234.15']"
2018-03-19T13:49:09,OCA & Campion Merchandise to booths from Yes Bank and Cox & Kings.. the Registration Area was buzy throughout the... ,238.05,"['238.05', '236.30', '243.80', '240.80', '234.15']"
2018-03-19T11:27:13,I'm at Cox & Kings in Mumbai  Maharashtra ,238.05,"['238.05', '236.30', '243.80', '240.80', '234.15']"
2018-03-19T02:04:54,(3/3)  The  Cox & Kings’ six-night  seven day package considers Nainital   Ranikhet  and Jim Corbett Park  which is why it is more expensive than  the Yatra  plan  which is a four-night  five-day trip to Nainital and Jim  Corbett  Park.,238.05,"['238.05', '236.30', '243.80', '240.80', '234.15']"
2018-03-19T02:03:52,#COX&KINGS technical alerts: Expansion Pivot Sell Setup  MACD Bearish Centerline Cross... ,238.05,"['238.05', '236.30', '243.80', '240.80', '234.15']"
2018-02-24T17:43:37,Piease remove GST 18% on tour cancellation of Cox & kings@arunjaitley pic.twitter.com/H6cU8IIxRz,241.80,"['241.80', '238.95', '238.75', '241.05', '249.85']"
2018-02-24T17:39:55,Instead of the Indian team  Rohit Sharma should tour abroad only with Cox & Kings.,241.80,"['241.80', '238.95', '238.75', '241.05', '249.85']"
2018-02-24T17:39:02,Sir  please remove GST 18% on refund money in case of tour cancellation in Cox & kings@narendramcdi,241.80,"['241.80', '238.95', '238.75', '241.05', '249.85']"
2018-02-24T10:23:34,@Explore_chat Am in India on Tailor made tour  TM1080110. Cox&Kings no details of flight Udaipur to Delhi at end of trip. Pls KK all OK?,241.80,"['241.80', '238.95', '238.75', '241.05', '249.85']"
2018-03-09T21:19:13,Who’s Where in Travel: Cox & Kings’ New NY Office ,253.05,"['253.05', '250.60', '250.10', '249.50', '251.25']"
2018-03-09T21:08:10,Who's Where in Travel: Cox & Kings' New NY Office ,253.05,"['253.05', '250.60', '250.10', '249.50', '251.25']"
2018-03-09T17:33:17,Who's Where in Travel: Cox & Kings' New NY Office #luxurytravel #bhive ,253.05,"['253.05', '250.60', '250.10', '249.50', '251.25']"
2018-03-09T08:08:32,Big Fat Agent Wrap - Travel Weekly Travel Weekly Big Fat Agent Wrap Travel Weekly The who's who of India's travel and hospitality fraternity  diplomats and several business leaders gathered at a glitzy evening gala hosted by Cox & Kings at the Shangri-… ,253.05,"['253.05', '250.60', '250.10', '249.50', '251.25']"
2018-03-09T03:44:35,Cox & Kings Celebrates 260thAnniversary with Several Exciting Offers ,253.05,"['253.05', '250.60', '250.10', '249.50', '251.25']"
2018-03-09T03:38:18,And For International Travel -  Cox & Kings  Thomas Cook & Bank Pass Book,253.05,"['253.05', '250.60', '250.10', '249.50', '251.25']"
2018-03-29T09:43:22,Hi  Please share your e-mail id so that we can look into this. Warm regards  Team Cox & Kings India,233.90,"['233.90', '233.55', '233.55', '236.65', '236.25']"
2018-03-29T09:39:48,Hi  Apologise for the delay in response. Please provide us with your contact details so we can get in touch with you. Alternatively  you can visit: ,233.90,"['233.90', '233.55', '233.55', '236.65', '236.25']"
2018-03-29T09:32:36,Hi  You can share your travel experiences or memories with us here or on blog@coxandkings.com so we can publish it on our blog.  Warm regards  Team Cox & Kings India,233.90,"['233.90', '233.55', '233.55', '236.65', '236.25']"
2018-03-29T09:15:50,Hi  please share your contact details so that we can get in touch with you and look into what went wrong. Warm regards  Team Cox & Kings India,233.90,"['233.90', '233.55', '233.55', '236.65', '236.25']"
2018-03-29T09:04:47,Hi  Please provide us with your contact details so we can get in touch with you. Alternatively  you can visit: ,233.90,"['233.90', '233.55', '233.55', '236.65', '236.25']"
2018-03-29T08:28:28,Hi Saptak Chatterjee  please share your contact details so that we can get in touch with you and speed up things. Warm regards  Team Cox & Kings India,233.90,"['233.90', '233.55', '233.55', '236.65', '236.25']"
2018-03-29T01:23:50,Exploring England  Northern Wales and Scotland  with Cox & Kings! 8 days from $4 899 per person Travel by first class rail through the countryside of England starting in London and ending in Edinburgh. Message for details! #iTravelBetter pic.twitter.com/mtYoDJjR1v,233.90,"['233.90', '233.55', '233.55', '236.65', '236.25']"
2018-02-19T11:25:17,Cox & Kings Q3 Profit Up 530% : ,236.25,"['236.25', '236.70', '234.60', '234.95', '239.75']"
2018-02-19T09:51:00,See the latest range of holiday offers and luxury holiday deals from Cox & Kings. We regularly publish special offers on group tours  private travel itineraries  short breaks  luxury escapes for pure relaxation. Call us today on 0845 528 0348 Or visit - ,236.25,"['236.25', '236.70', '234.60', '234.95', '239.75']"
2018-02-19T08:15:47,#EarningsEdge Cox & Kings Q3 Profit Up 530% pic.twitter.com/7xSlyFumNk,236.25,"['236.25', '236.70', '234.60', '234.95', '239.75']"
2018-02-19T08:09:06,Cox & Kings CEO To BTVI: U.K. Business Affected Due To Brexit  Forex Fluctuations,236.25,"['236.25', '236.70', '234.60', '234.95', '239.75']"
2018-02-19T08:09:06,Cox & Kings CEO To BTVI: Have Over 9 000 Hotel Beds Capacity Currently,236.25,"['236.25', '236.70', '234.60', '234.95', '239.75']"
2018-02-19T08:09:05,Cox & Kings CEO To BTVI: Seen Stellar Growth In India Business; Hotels Segment,236.25,"['236.25', '236.70', '234.60', '234.95', '239.75']"
2018-02-19T08:08:05,Cox & Kings CEO To BTVI: Margin Increased By 600 bps In Q3; PAT Increased Substantially,236.25,"['236.25', '236.70', '234.60', '234.95', '239.75']"
2018-03-04T13:02:38,Cox & Kings opens New York office: Travel Weekly ,249.85,"['249.85', '249.75', '253.80', '255.30', '253.05']"
2018-03-04T04:25:06,Travel services firm Cox & Kings completes 260 years ,249.85,"['249.85', '249.75', '253.80', '255.30', '253.05']"
2018-03-04T01:37:18,Pollution and Unhealthy Street Food We all lov ,249.85,"['249.85', '249.75', '253.80', '255.30', '253.05']"
2018-03-04T00:05:29,Upscale tour operator Cox & Kings has opened an office in New York  following recent hires intended to increase U.S. sales presence. #stayorvaycay #travel #getmoving #explore  #navigate #meetpeople #travelgoals #destination #vacation #holiday #ilovetotravel #relax #discover,249.85,"['249.85', '249.75', '253.80', '255.30', '253.05']"
2018-03-07T17:14:35,Pollution and Unhealthy Street Food We all lov ,253.80,"['253.80', '255.30', '253.05', '250.60', '250.10']"
2018-03-07T15:37:09,Cox & Kings ,253.80,"['253.80', '255.30', '253.05', '250.60', '250.10']"
2018-03-07T12:34:27,#Didyouknow that Halong Bay in Vietnam is made up of around 1 600 limestone islands and islets  some of which are over 20 million years old! Have you been to Halong Bay? You can visit on Cox & Kings Spirit of Vietnam group tour: ,253.80,"['253.80', '255.30', '253.05', '250.60', '250.10']"
2018-03-07T11:59:40,Price Increases & Volume Decreases -Nifty 500 Find the Stocks in Action: ,253.80,"['253.80', '255.30', '253.05', '250.60', '250.10']"
2018-03-07T10:32:57,We bring you the best Summer Holiday options from the premium travel company Cox & Kings. Click to get a... ,253.80,"['253.80', '255.30', '253.05', '250.60', '250.10']"
2018-03-07T08:48:58,Cox & Kings Celebrates 260th Anniversary with Several Exciting Offers ,253.80,"['253.80', '255.30', '253.05', '250.60', '250.10']"
2018-03-07T03:31:05,COX & KINGS OFFERS DOUBLE DISCOUNT ON DOMESTIC HOLIDAYS FOR SUMMER - ,253.80,"['253.80', '255.30', '253.05', '250.60', '250.10']"
2018-03-07T03:30:53,COX & KINGS KICK-STARTS 260 YEARS CELEBRATION BY SHOWERING DISCOUNTS AND OFFERS - ,253.80,"['253.80', '255.30', '253.05', '250.60', '250.10']"
2018-03-08T16:54:32,COX KINGS ( 533144 ): Hot Stocks from ,255.30,"['255.30', '253.05', '250.60', '250.10', '249.50']"
2018-03-08T06:47:12,Cox & Kings Celebrates 260th Anniversary at the Shangri-La’s Eros Hotel  #NewDelhi with the gracious presence of Shri K. J. Alphons  Minister of State (Independent Charge) for #Tourism ,255.30,"['255.30', '253.05', '250.60', '250.10', '249.50']"
2018-03-08T06:12:22,We'd like to thank our distinguished guests for being part of the #260YearsOfCNK. On behalf of Cox and Kings  Mr. Peter Kerkar  Cox & Kings Group CEO and Mr. Anthony B M Good OBE  Global Chairman of Cox & Kings would like to thank our customers for being a part of this family pic.twitter.com/MnfTsuXXGy,255.30,"['255.30', '253.05', '250.60', '250.10', '249.50']"
2018-03-08T05:26:50,Rs 16.27cr BSE Block Trade: COX & KINGS for ~628461 shares  at Rs 258.9,255.30,"['255.30', '253.05', '250.60', '250.10', '249.50']"
2018-03-08T03:26:11,Today’s performing stock for #Intraday trading:- #COX&KINGS - Buy : 255.00 - 253.80   Target: 270.00   SL: 246.00 #HFCL - SELL : 26.55 -  27.00   Target: 22.00   SL: 29.00 View the full report at- ,255.30,"['255.30', '253.05', '250.60', '250.10', '249.50']"
2018-03-08T03:25:54,Boxing day mel rowing day mal cox&kings N reeving day,255.30,"['255.30', '253.05', '250.60', '250.10', '249.50']"
2018-04-09T17:07:38,Cox & Kings owned MEININGER to open a hotel in Lisbon  Portugal ,238.50,"['238.50', '238.80', '237.85', '235.95', '235.65']"
2018-04-09T16:12:19,GHCL  Cox&Kings,238.50,"['238.50', '238.80', '237.85', '235.95', '235.65']"
2018-04-09T11:05:09,Cox & Kings’ Leah Reavely embarked on a @Silversea cruise from Norway’s #Arctic town of #Tromsø  sailing to #Svalbard. Her highlight was spotting Arctic wildlife  reindeers and polar bears in particular. You can read her experience in full here: ,238.50,"['238.50', '238.80', '237.85', '235.95', '235.65']"
2018-04-09T10:57:06,Corporate News: Cox & Kings' Meininger To Open 121-room Hotel In Lisbon  Portugal,238.50,"['238.50', '238.80', '237.85', '235.95', '235.65']"
2018-04-09T10:45:01,I'm at Cox & Kings in Mumbai  Maharashtra ,238.50,"['238.50', '238.80', '237.85', '235.95', '235.65']"
2018-04-09T09:22:24,(2/2) c. Tour Name d. Departure Date e. e-mail address registered at the time of booking We look forward to your response. Thanking you. Warm regards  Team Cox & Kings India,238.50,"['238.50', '238.80', '237.85', '235.95', '235.65']"
2018-04-09T08:19:24,COX & KINGS owned MEININGER Hotels and project developer Nelson Canal Portugal have signed the agreement for a hotel in Lisbon  Portugal. The opening of the 121-room and 453-bed hotel is scheduled for the end of 2019.,238.50,"['238.50', '238.80', '237.85', '235.95', '235.65']"
2018-04-09T08:07:09,Cox & Kings Gains As Arm To Open Hotel In Portugal ,238.50,"['238.50', '238.80', '237.85', '235.95', '235.65']"
2018-04-09T08:05:28,Cox & Kings Gains As Arm To Open Hotel In Portugal Shares of the Mumbai-based travel company rose 0.9 percent to Rs 238.45 after its subsidiary MEININGER will open a... ,238.50,"['238.50', '238.80', '237.85', '235.95', '235.65']"
2018-04-09T08:05:27,Cox & Kings Gains As Arm To Open Hotel In Portugal ,238.50,"['238.50', '238.80', '237.85', '235.95', '235.65']"
2018-04-09T08:05:12,Cox & Kings Gains As Arm To Open Hotel In Portugal ,238.50,"['238.50', '238.80', '237.85', '235.95', '235.65']"
2018-04-09T06:59:03,COX & KINGS OWNED MEININGER TO OPEN A HOTEL IN LISBON  PORTUGAL.,238.50,"['238.50', '238.80', '237.85', '235.95', '235.65']"
2018-04-09T06:54:40,#JustIn Cox & Kings' MEININGER To Open 121-Room Hotel In Lisbon  Portugal pic.twitter.com/F9Yezuy7CT,238.50,"['238.50', '238.80', '237.85', '235.95', '235.65']"
2018-04-09T06:52:05,Just In: Cox & Kings' Meininger To Open 121-room Hotel In Lisbon  Portugal,238.50,"['238.50', '238.80', '237.85', '235.95', '235.65']"
2018-02-16T14:00:55,Visit: ,244.05,"['244.05', '236.25', '236.70', '234.60', '234.95']"
2018-02-16T12:08:24,Cox & Kings Ltd reports consolidated Q3 net profit of Rs. 77.49 crores ,244.05,"['244.05', '236.25', '236.70', '234.60', '234.95']"
2018-02-16T02:02:56,#COX&KINGS technical alerts: Expansion Pivot Sell Setup  Bearish Engulfing  Downside 2... ,244.05,"['244.05', '236.25', '236.70', '234.60', '234.95']"
2018-02-16T01:00:03,Cox & Kings is looking for Manager  Marketing Operations & E-commerce. If that sounds like you  get in touch with us ,244.05,"['244.05', '236.25', '236.70', '234.60', '234.95']"
2018-04-04T09:04:00,Cox &amp; kings Ad In Deccan Chronicle ,233.55,"['233.55', '236.65', '236.25', '238.50', '238.80']"
2018-04-04T07:59:51,Cox &amp; kings Ad In Deccan Chronicle ,233.55,"['233.55', '236.65', '236.25', '238.50', '238.80']"
2018-04-04T07:50:06,Cox &amp; Kings Ad In Deccan Chronicle ,233.55,"['233.55', '236.65', '236.25', '238.50', '238.80']"
2018-04-04T07:43:38,Cox &amp; Kings Ad In Deccan Chronicle ,233.55,"['233.55', '236.65', '236.25', '238.50', '238.80']"
2018-04-04T07:41:37,Cox &amp; Kings Ad In Deccan Chronicle ,233.55,"['233.55', '236.65', '236.25', '238.50', '238.80']"
2018-04-04T07:40:45,Cox &amp; Kings Ad In Deccan Chronicle ,233.55,"['233.55', '236.65', '236.25', '238.50', '238.80']"
2018-04-04T07:40:19,Cox &amp; Kings Ad In Deccan Chronicle ,233.55,"['233.55', '236.65', '236.25', '238.50', '238.80']"
2018-04-04T07:37:12,Cox &amp; Kings Ad In Deccan Chronicle ,233.55,"['233.55', '236.65', '236.25', '238.50', '238.80']"
2018-01-01T15:05:50,  INTERESTING BULK/BLOCK DEAL -1ST JAN  ADANI PORT      PROMOTER BOUGHT 1250000 SHARES AT 403  NANDAN DENIM      FUND BOUGHT 241000 SHARES AT 164.5  COX & KINGS      PROMOTER SOLD 1700000 SHARES AT 262 . ....RETWEET  TO SHARE THE INFORMATION.... ,273.45,"['273.45', '276.80', '268.10', '270.00', '272.60']"
2018-01-01T13:00:21,Cox & Kings wishes you a happy  healthy and fulfilling 2018. #happynewyear #2018 #travel #wanderlust pic.twitter.com/E3RveA8fJM,273.45,"['273.45', '276.80', '268.10', '270.00', '272.60']"
2018-01-01T11:55:04,#HappyNewYear from all of us at Cox & Kings  we hope you take something up rather than give something up! Here's our experts' top picks for #2018: ,273.45,"['273.45', '276.80', '268.10', '270.00', '272.60']"
2018-01-01T09:00:00,#COX_KINGS - #COX&KINGS - ,273.45,"['273.45', '276.80', '268.10', '270.00', '272.60']"
2018-01-01T08:40:19,So  Cox&Kings - CMP 276 - Target 322 and 382. Right?,273.45,"['273.45', '276.80', '268.10', '270.00', '272.60']"
2018-01-01T08:08:17,#COX&KINGS $COX_KINGS ,273.45,"['273.45', '276.80', '268.10', '270.00', '272.60']"
2018-01-01T08:01:23,#COX&KINGS - $COX_KINGS chart ,273.45,"['273.45', '276.80', '268.10', '270.00', '272.60']"
2018-01-01T08:01:23,#COX&KINGS $COX_KINGS ,273.45,"['273.45', '276.80', '268.10', '270.00', '272.60']"
2018-01-01T06:24:41,Where are people heading this year? Peter Kerkar  Group CEO  Cox & Kings tells all in this article.. click to... ,273.45,"['273.45', '276.80', '268.10', '270.00', '272.60']"
2018-02-11T09:13:55,Top 10...rooms with a view | Cox & Kings Travel ,257.40,"['257.40', '252.05', '250.45', '244.05', '236.25']"
2018-02-11T09:06:15,Top 10...rooms with a view | Cox & Kings Travel @AlilaJabal #AlilaJabalAkhdar ,257.40,"['257.40', '252.05', '250.45', '244.05', '236.25']"
2018-02-11T01:37:08,Train; Cox & Kings Ltd. Vs. Indian Rly. Catering & Tourism Corporation Ltd. [Supreme Court of India  05-07-2012] ,257.40,"['257.40', '252.05', '250.45', '244.05', '236.25']"
2018-03-26T16:08:24,Book your Cox & Kings Great Britain getaway with your Cruise Brothers Travel Agent! #CoxandKings #CruiseBrothers ,232.25,"['232.25', '232.70', '228.00', '233.90', '233.55']"
2018-03-26T12:13:34,Stake sale to aid Cox & Kings  but earnings quality still a concern  ,232.25,"['232.25', '232.70', '228.00', '233.90', '233.55']"
2018-03-26T09:53:01,Stake sale to aid Cox & Kings  but earnings quality still a concern ,232.25,"['232.25', '232.70', '228.00', '233.90', '233.55']"
2018-03-26T07:55:37,#BusinessNews Cox & Kings owned Meininger Hotels opens second hotel in Amsterdam ,232.25,"['232.25', '232.70', '228.00', '233.90', '233.55']"
2018-03-26T07:06:24,Stake sale to aid Cox & Kings  but earnings quality still a concern ,232.25,"['232.25', '232.70', '228.00', '233.90', '233.55']"
2018-03-26T06:46:46,Hello. We are Cox & Kings Global Services engaged to serve our customers with their visa and passport requirements. Look out for our logo to know you are being served by an official representative. pic.twitter.com/LaKWDHrdUW,232.25,"['232.25', '232.70', '228.00', '233.90', '233.55']"
2018-03-26T05:34:59,COX & KINGS owned MEININGER Hotels opened its second hotel in Amsterdam. The new building is located directly at Amstel station and offers 186 rooms and 806 beds.,232.25,"['232.25', '232.70', '228.00', '233.90', '233.55']"
2018-03-26T04:42:27,Stake sale to aid Cox & Kings  but earnings quality still a concern @sree_rsr ,232.25,"['232.25', '232.70', '228.00', '233.90', '233.55']"
2018-03-26T03:36:55,Stake sale to aid Cox & Kings  but earnings quality still a concern ,232.25,"['232.25', '232.70', '228.00', '233.90', '233.55']"
2018-03-26T03:29:32,Stake sale to aid Cox & Kings  but earnings quality still a concern ,232.25,"['232.25', '232.70', '228.00', '233.90', '233.55']"
2018-03-26T03:25:07,Stake sale to aid Cox & Kings  but earnings quality still a concern While  the stake sale and the resultant fund infusion can bring some relief  for Cox & Kings  much depends on follow-up actions on asset  monetization and earnings quality improvement,232.25,"['232.25', '232.70', '228.00', '233.90', '233.55']"
2018-03-26T03:19:44,Stake sale to aid Cox & Kings  but earnings quality still a concern ,232.25,"['232.25', '232.70', '228.00', '233.90', '233.55']"
2018-03-26T03:12:06,Stake sale to aid Cox & Kings  but earnings quality still a concern ,232.25,"['232.25', '232.70', '228.00', '233.90', '233.55']"
2018-03-26T03:09:57,Stake sale to aid Cox & Kings  but earnings quality still a concern - ,232.25,"['232.25', '232.70', '228.00', '233.90', '233.55']"
2018-03-26T02:03:01,3 Bike-Friendly Global Cities Perfect For Cycling Tours! - Cox & Kings Blog ,232.25,"['232.25', '232.70', '228.00', '233.90', '233.55']"
2018-03-23T14:49:47,SSG Capital Management acquired 11% stake in Prometheon Holdings (which is a subsidiary of Prometheon Enterprises which is a subsidiary of Cox & Kings) for £49 million #India #PrivateEquity,234.15,"['234.15', '232.25', '232.70', '228.00', '233.90']"
2018-03-23T12:52:50,SSG Capital Management #hikes #stake in Cox & Kings’ UK arm | #PrivateEquity ,234.15,"['234.15', '232.25', '232.70', '228.00', '233.90']"
2018-03-23T12:41:49,Tectonic Release Cox & Kings sold 11.58% stake in its subsidiary Promotheon Holdings UK for Rs 450 Cr to reduce Debt @CNBC_Awaaz @CNBCTV18Live @CNBC @EconomicTimes @businessinsider @ETNOWlive @TheEconomist @FinancialXpress @ZeeBusiness #FridayMotivation #NationalPuppyDay,234.15,"['234.15', '232.25', '232.70', '228.00', '233.90']"
2018-03-23T12:18:21,List of nominees for Best Outbound Tour Operator  Outlook Traveller Awards 2018. #OLTAwards. Cox & Kings  Thomas Cook  Veena World  SOTC  Globus and Cosmos  Beacon Holidays  Yatra  Makemytrip pic.twitter.com/1n32O2Cjft,234.15,"['234.15', '232.25', '232.70', '228.00', '233.90']"
2018-03-23T10:41:02,Peter Kerkar  Group CEO at Cox & Kings says that the company will use 90% of funds from stake sale in unit to repay debt ,234.15,"['234.15', '232.25', '232.70', '228.00', '233.90']"
2018-03-23T10:10:05,India Digest: Cox & Kings sells 11.58% in arm; Global funds eye Pepe Jeans ,234.15,"['234.15', '232.25', '232.70', '228.00', '233.90']"
2018-03-23T08:40:26,#indianews #Indiabiz Cox & Kings arm mobilises Rs 450 crore through stake sale ,234.15,"['234.15', '232.25', '232.70', '228.00', '233.90']"
2018-03-23T08:20:07,Travel major Cox & Kings sells 11.5% stake in subsidiary  raises ₹450 crore ,234.15,"['234.15', '232.25', '232.70', '228.00', '233.90']"
2018-03-23T01:37:13,Cox & Kings sells 11.58% stake in education and hotels arm for Rs 4.5 bn.. ,234.15,"['234.15', '232.25', '232.70', '228.00', '233.90']"
2018-03-23T01:11:41,Cox & Kings sells 11.6% in UK unit ,234.15,"['234.15', '232.25', '232.70', '228.00', '233.90']"
2018-03-06T15:13:05,Cox & Kings Celebrates 260th Anniversary with Several Exciting Offers ,249.75,"['249.75', '253.80', '255.30', '253.05', '250.60']"
2018-03-06T13:18:06,#middleEast TTG Cox & Kings reports 81% rise in Middle East & North Africa bookings Travel Weekly UK An 81% rise in bookings to the Middle East & North Africa is being claimed so far this year by Cox & Kings. Advance bookings for 2018… ,249.75,"['249.75', '253.80', '255.30', '253.05', '250.60']"
2018-03-06T11:14:07,#middleEast TTG Cox & Kings reports Middle East surge TTG Cox & Kings is reporting a resurgence to the Middle East and North Africa with bookings nearly doubling. Ali-Barqawi-Studios-Explore-Series-Travel-Adventure-Jordan-. Sharelines.… ,249.75,"['249.75', '253.80', '255.30', '253.05', '250.60']"
2018-03-06T10:53:29,Cox & Kings: Providing luxury Travel Experience over the Last Three Decades ,249.75,"['249.75', '253.80', '255.30', '253.05', '250.60']"
2018-03-06T09:26:07,Cox & Kings reports Middle East surge ,249.75,"['249.75', '253.80', '255.30', '253.05', '250.60']"
2018-03-06T09:18:09,Cox & Kings reports Middle East surge ,249.75,"['249.75', '253.80', '255.30', '253.05', '250.60']"
2018-03-06T09:18:07,Cox & Kings reports Middle East surge ,249.75,"['249.75', '253.80', '255.30', '253.05', '250.60']"
2018-03-06T09:14:11,Cox & Kings reports Middle East surge ,249.75,"['249.75', '253.80', '255.30', '253.05', '250.60']"
2018-03-06T09:10:37,New post: Cox & Kings reports Middle East surge ,249.75,"['249.75', '253.80', '255.30', '253.05', '250.60']"
2018-03-06T09:06:48,Cox & Kings reports Middle East surge ,249.75,"['249.75', '253.80', '255.30', '253.05', '250.60']"
2018-03-06T09:06:42,Cox & Kings reports Middle East surge ,249.75,"['249.75', '253.80', '255.30', '253.05', '250.60']"
2018-04-05T15:50:09,Cox & Kings owned @meiningerhotels and investor @LGIM Real Assets (Legal & General) have signed an agreement for a new hotel in #Glasgow. ,236.65,"['236.65', '236.25', '238.50', '238.80', '237.85']"
2018-04-05T06:29:12,Cox &amp; Kings Presents Flexihol Ad In Deccan Chronicle ,236.65,"['236.65', '236.25', '238.50', '238.80', '237.85']"
2018-04-05T06:25:34,Cox &amp; Kings Presents Flexihol Ad In Deccan Chronicle ,236.65,"['236.65', '236.25', '238.50', '238.80', '237.85']"
2018-04-05T06:20:24,Cox &amp; Kings Presents Flexihol Ad In Deccan Chronicle ,236.65,"['236.65', '236.25', '238.50', '238.80', '237.85']"
2018-04-05T06:19:36,Cox &amp; Kings Presents Flexihol Ad In Deccan Chronicle ,236.65,"['236.65', '236.25', '238.50', '238.80', '237.85']"
2018-04-05T06:18:59,Cox &amp; Kings Presents Flexihol Ad In Deccan Chronicle ,236.65,"['236.65', '236.25', '238.50', '238.80', '237.85']"
2018-04-05T06:18:23,Hi  We apologize for the delay. To speed up things  please share your following contact and booking details a. Booking Location b. Tour Name c. Departure Date d. e-mail address registered at the time of booking Warm regards  Team Cox & Kings India,236.65,"['236.65', '236.25', '238.50', '238.80', '237.85']"
2018-04-05T06:16:10,COX &amp; KINGS presents FLEXIHOL offers pe offers Ad In Deccan Chronicle ,236.65,"['236.65', '236.25', '238.50', '238.80', '237.85']"
2018-04-05T06:14:36,COX &amp; KINGS presents FLEXIHOL offers pe offers Ad In Deccan Chronicle ,236.65,"['236.65', '236.25', '238.50', '238.80', '237.85']"
2018-04-05T05:15:29,Cox &amp; kings Ad In Deccan Chronicle ,236.65,"['236.65', '236.25', '238.50', '238.80', '237.85']"
2018-01-14T00:16:23,Pollution and Unhealthy Street Food We all lov ,267.25,"['267.25', '264.00', '262.05', '260.50', '262.25']"
2018-03-28T15:47:20,Done Team! Participated. #Lovetotravel with #Cox&Kings #GreatBritain,228.00,"['228.00', '233.90', '233.55', '233.55', '236.65']"
2018-03-28T14:47:23,Tectonic Release Cox & Kings owned Meininger to open a hotel in Glasgow UK @CNBC_Awaaz @CNBCTV18Live @CNBC @EconomicTimes @businessinsider @ETNOWlive @BT_India @TheEconomist @FinancialXpress @ZeeBusiness #CBSE #AirIndia,228.00,"['228.00', '233.90', '233.55', '233.55', '236.65']"
2018-03-28T09:49:58,BTST CALL: BUY COXKINGS AT 227 SL 224 TARGET 235. Download our Apps from Playstore and Start making money. ,228.00,"['228.00', '233.90', '233.55', '233.55', '236.65']"
2018-03-28T07:03:33,Cox & Kings-owned MEININGER to open a hotel in Glasgow  United Kingdom pic.twitter.com/1fxZqj5KbW,228.00,"['228.00', '233.90', '233.55', '233.55', '236.65']"
2018-03-28T05:18:17,COX & KINGS to open a hotel in Glasgow  United Kingdom. The hotel will be located on West George Street opposite Queen Street Train Station and will offer 160 rooms and 590 beds. The opening is scheduled for 2020.,228.00,"['228.00', '233.90', '233.55', '233.55', '236.65']"
2018-03-28T05:11:57,Cox & Kings-owned MEININGER to open a hotel in Glasgow  United Kingdom pic.twitter.com/ingHc8Y4Cu,228.00,"['228.00', '233.90', '233.55', '233.55', '236.65']"
2018-03-30T17:26:19,Bronson  Cox & Kings v Canada ,233.90,"['233.90', '233.55', '233.55', '236.65', '236.25']"
2018-03-30T15:43:19,#indianews #Indiabiz Cox & Kings’ arm pares stake in Prometheon Holdings (UK)  ,233.90,"['233.90', '233.55', '233.55', '236.65', '236.25']"
2018-03-30T14:23:20,#indianews #Indiabiz Cox & Kings’ arm pares stake in Prometheon Holdings (UK)  ,233.90,"['233.90', '233.55', '233.55', '236.65', '236.25']"
2018-03-30T12:56:40,Cox & Kings sells additional 3% stake in UK subsidiary ,233.90,"['233.90', '233.55', '233.55', '236.65', '236.25']"
2018-03-30T12:36:45,Cox & Kings sells additional 3% stake in UK subsidiary ,233.90,"['233.90', '233.55', '233.55', '236.65', '236.25']"
2018-03-30T12:30:13,#stockmarket #investing #concall #QuarterlyResults #EarningsCall #Cox&Kings ,233.90,"['233.90', '233.55', '233.55', '236.65', '236.25']"
2018-03-30T12:23:15,Cox & Kings sells additional 3% stake in UK subsidiary ,233.90,"['233.90', '233.55', '233.55', '236.65', '236.25']"
2018-03-30T12:20:11,Cox & Kings arm sells second tranche of 3% in Prometheon Holdings  ,233.90,"['233.90', '233.55', '233.55', '236.65', '236.25']"
2018-03-30T12:10:34,Cox & Kings sells additional 3% stake in UK subsidiary.. ,233.90,"['233.90', '233.55', '233.55', '236.65', '236.25']"
2018-03-30T11:53:30,#Cox&Kings - Tour and travel firm Cox & Kings said it has sold additional 3 per cent stake in Prometheon Holdings UK to SSG Capital Management for Rs 110 crore after transaction expense and tax,233.90,"['233.90', '233.55', '233.55', '236.65', '236.25']"
2018-03-30T06:20:25,Cox & Kings  @coxandkingsin is now trending in #Mumbai ,233.90,"['233.90', '233.55', '233.55', '236.65', '236.25']"
2018-03-30T05:22:17,Cox & Kings has received many accolades  including “World's Leading Luxury Tour Operator” by the World Travel Awards and is a partner of VisitBritain  the official tourism board of Great Britain. #LoveToTravel @coxandkingsIN ,233.90,"['233.90', '233.55', '233.55', '236.65', '236.25']"
2018-03-30T05:21:37,Explore several itineraries below from Cox & Kings for travel to London and beyond. Contact us for more details or to customize your journey. #LoveToTravel @coxandkingsIN ,233.90,"['233.90', '233.55', '233.55', '236.65', '236.25']"
2018-04-10T22:31:13,Retrace World War II History With Cox & Kings: These guided tours let you retrace the steps of history #WorldWarII #History #Travel ,238.80,"['238.80', '237.85', '235.95', '235.65', '243.85']"
2018-04-10T22:26:02,Retrace World War II History With Cox & Kings: These guided tours let you retrace the steps of history #WorldWarII #History #Travel ,238.80,"['238.80', '237.85', '235.95', '235.65', '243.85']"
2018-04-10T21:57:00,Retrace World War II History With Cox & Kings: These guided tours let you retrace the steps of history #WorldWarII #History #Travel ,238.80,"['238.80', '237.85', '235.95', '235.65', '243.85']"
2018-04-10T21:26:30,Retrace World War II History With Cox & Kings | Kittie Travel #tours #travel #history #WorldWarII #Germany #France ,238.80,"['238.80', '237.85', '235.95', '235.65', '243.85']"
2018-04-10T21:25:27,Retrace World War II History With Cox & Kings: These guided tours let you retrace the steps of history #WorldWarII #History #Travel ,238.80,"['238.80', '237.85', '235.95', '235.65', '243.85']"
2018-04-10T21:11:33,Retrace World War II History With Cox & Kings: These guided tours let you retrace the steps of history #WorldWarII #History #Travel ,238.80,"['238.80', '237.85', '235.95', '235.65', '243.85']"
2018-04-10T21:11:29,Retrace World War II History With Cox & Kings: These guided tours let you retrace the steps of history #WorldWarII #History #Travel ,238.80,"['238.80', '237.85', '235.95', '235.65', '243.85']"
2018-04-10T21:11:15,Retrace World War II History With Cox & Kings: These guided tours let you retrace the steps of history #WorldWarII #History #Travel ,238.80,"['238.80', '237.85', '235.95', '235.65', '243.85']"
2018-04-10T20:24:13,Retrace World War II History With Cox & Kings: These guided tours let you retrace the steps of history #WorldWarII #History #Travel ,238.80,"['238.80', '237.85', '235.95', '235.65', '243.85']"
2018-04-10T20:22:57,Retrace World War II History With Cox & Kings | Shetravlz ,238.80,"['238.80', '237.85', '235.95', '235.65', '243.85']"
2018-04-10T20:20:17,Retrace World War II History With Cox & Kings: These guided tours let you retrace the steps of history #WorldWarII #History #Travel ,238.80,"['238.80', '237.85', '235.95', '235.65', '243.85']"
2018-04-10T20:16:34,Retrace World War II History With Cox & Kings: These guided tours let you retrace the steps of history #WorldWarII #History #Travel ,238.80,"['238.80', '237.85', '235.95', '235.65', '243.85']"
2018-04-10T20:16:29,Retrace World War II History With Cox & Kings: These guided tours let you retrace the steps of history #WorldWarII #History #Travel ,238.80,"['238.80', '237.85', '235.95', '235.65', '243.85']"
2018-04-10T20:09:09,Retrace World War II History With Cox & Kings | Travel By Reg ,238.80,"['238.80', '237.85', '235.95', '235.65', '243.85']"
2018-04-10T20:04:39,Retrace World War II History With Cox & Kings | ensync travel services ,238.80,"['238.80', '237.85', '235.95', '235.65', '243.85']"
2018-04-10T19:55:24,Retrace World War II History With Cox & Kings: These guided tours let you retrace the steps of history #WorldWarII #History #Travel ,238.80,"['238.80', '237.85', '235.95', '235.65', '243.85']"
2018-04-10T19:48:00,Retrace World War II History With Cox & Kings: These guided tours let you retrace the steps of history #WorldWarII #History #Travel ,238.80,"['238.80', '237.85', '235.95', '235.65', '243.85']"
2018-04-10T18:23:33,Retrace World War II History With Cox & Kings ,238.80,"['238.80', '237.85', '235.95', '235.65', '243.85']"
2018-04-10T18:23:33,Retrace World War II History With Cox & Kings ,238.80,"['238.80', '237.85', '235.95', '235.65', '243.85']"
2018-03-02T21:25:16,Travel services firm Cox & Kings completes 260 years  ,249.85,"['249.85', '249.75', '253.80', '255.30', '253.05']"
2018-03-02T19:59:02,Interested in joining us at Cox & Kings? We want a Manager  Marketing Operations & E-commerce. Get in touch: ,249.85,"['249.85', '249.75', '253.80', '255.30', '253.05']"
2018-03-02T19:46:36,@SushmaSwaraj (1)Honorable Minister  I'm an NRI whose passport is going to expire shortly. I hope you are aware that the passport renewals and some other services are being handled by Cox & Kings through their portal ,249.85,"['249.85', '249.75', '253.80', '255.30', '253.05']"
2018-03-02T19:17:00,@SushmaSwaraj and I applied for a renewal at Indian Embassy  Washington DC. It looks like CKGS (Cox & Kings Global Services) is the only third party in the US. To renew a passport  an Indian citizen in the US has to go through CKGS and there is no second option. Since we reside,249.85,"['249.85', '249.75', '253.80', '255.30', '253.05']"
2018-03-02T17:31:45,Travel services firm Cox & Kings completes 260 years ,249.85,"['249.85', '249.75', '253.80', '255.30', '253.05']"
2018-03-02T17:28:49,Hi Mandreoide  I'm sorry to hear you are unhappy with Cox & Kings' service. Do you know who you made an inquiry with?,249.85,"['249.85', '249.75', '253.80', '255.30', '253.05']"
2018-03-02T15:15:55,Cox & Kings opens New York office: Travel Weekly ,249.85,"['249.85', '249.75', '253.80', '255.30', '253.05']"
2018-03-02T13:29:34,Global Adventure Travel Market 2018 – Exodus Travels  Cox & Kings Ltd  Thomas Cook Group ... ,249.85,"['249.85', '249.75', '253.80', '255.30', '253.05']"
2018-03-02T13:01:53,Cox & Kings opens New York office: Travel Weekly ,249.85,"['249.85', '249.75', '253.80', '255.30', '253.05']"
2018-03-02T12:28:48,Travel services firm Cox & Kings completes 260 years ,249.85,"['249.85', '249.75', '253.80', '255.30', '253.05']"
2018-03-02T11:18:18,Cox & Kings completes 260 years ,249.85,"['249.85', '249.75', '253.80', '255.30', '253.05']"
2018-03-02T09:43:11,Cox & Kings completes 260 years ,249.85,"['249.85', '249.75', '253.80', '255.30', '253.05']"
2018-03-02T09:36:27,Cox & Kings completes 260 years ,249.85,"['249.85', '249.75', '253.80', '255.30', '253.05']"
2018-03-02T01:53:05,Cox & Kings opens New York office ,249.85,"['249.85', '249.75', '253.80', '255.30', '253.05']"
2018-03-02T01:29:52,Cox & Kings opens New York office ,249.85,"['249.85', '249.75', '253.80', '255.30', '253.05']"
2018-03-02T01:29:33,Cox & Kings opens New York office ,249.85,"['249.85', '249.75', '253.80', '255.30', '253.05']"
2018-03-02T01:29:22,Cox & Kings opens New York office ,249.85,"['249.85', '249.75', '253.80', '255.30', '253.05']"
2018-03-02T01:27:27,Cox & Kings opens New York office ,249.85,"['249.85', '249.75', '253.80', '255.30', '253.05']"
2018-03-02T01:27:05,Cox & Kings opens New York office ,249.85,"['249.85', '249.75', '253.80', '255.30', '253.05']"
2018-03-02T01:27:04,Cox & Kings opens New York office ,249.85,"['249.85', '249.75', '253.80', '255.30', '253.05']"
2018-03-02T01:25:29,Cox & Kings opens New York office ,249.85,"['249.85', '249.75', '253.80', '255.30', '253.05']"
2018-01-24T20:54:59,Pollution and Unhealthy Street Food We all lov ,256.20,"['256.20', '259.95', '261.00', '254.85', '249.75']"
2018-01-24T13:41:56,Friends of @CSASCambridge at #JLF2018 - head to Cox & Kings Charbagh at 13:40 tomorrow to hear our own Norbert Peabody  alongside Rima Hooja & Giles Tillotson  talk on 'The Afterlife of James Tod’s Rajasthan'. ,256.20,"['256.20', '259.95', '261.00', '254.85', '249.75']"
2018-01-24T12:17:45,#Cox & Kings Global Services (CKGS) announced the opening of Morocco Visa Application and Information Centres (MVAIC) in India,256.20,"['256.20', '259.95', '261.00', '254.85', '249.75']"
2018-01-24T11:57:06,From its colorful streets to its regal forts  Jaipur is a city brimming with life  history and culture. Find out what makes it the perfect home for #ZEEJLF with Heritage Walks organised by our partner Cox & Kings. ,256.20,"['256.20', '259.95', '261.00', '254.85', '249.75']"
2018-01-24T10:28:28,Cox & kings does not have an idea about what is content localization!  I hope they need some classes @CoxAndKings @coxandkingsUK That's why they loosing  business #travelblogger #traveltourism #badexperience #Tourism,256.20,"['256.20', '259.95', '261.00', '254.85', '249.75']"
2018-01-24T10:07:28,"Want to reach upmarket travelers? Check out ""Compass by Cox & Kings"". A brand new Insert opp  just added to @doingdata by Black Kite Media. ",256.20,"['256.20', '259.95', '261.00', '254.85', '249.75']"
2018-01-24T03:05:34,@_anujsinghal Whatever may be the impact of PM @Davos  Thomas Cook and Cox&Kings stock will definitely gain,256.20,"['256.20', '259.95', '261.00', '254.85', '249.75']"
2018-03-22T19:42:27,Cox & Kings sold 11.58 per cent stake in its education tours and hybrid-hotel business in Europe to global fund ,240.80,"['240.80', '234.15', '232.25', '232.70', '228.00']"
2018-03-22T16:46:53,#indianews #Indiabiz Cox & Kings arm mobilises Rs 450 crore through stake sale ,240.80,"['240.80', '234.15', '232.25', '232.70', '228.00']"
2018-03-22T16:30:33,Travel major Cox & Kings sells 11.5% stake in subsidiary  raises ₹450 crore ,240.80,"['240.80', '234.15', '232.25', '232.70', '228.00']"
2018-03-22T15:45:52,Cox & Kings sells 11.58% stake in subsidiary ,240.80,"['240.80', '234.15', '232.25', '232.70', '228.00']"
2018-03-22T15:15:42,Cox & Kings sells 11.58% stake in subsidiary [0.11]: ,240.80,"['240.80', '234.15', '232.25', '232.70', '228.00']"
2018-03-22T12:05:12,Cox & Kings sells 11.58% stake in subsidiary.. ,240.80,"['240.80', '234.15', '232.25', '232.70', '228.00']"
2018-03-22T11:46:48,Cox & Kings sells 11.58% #stake in subsidiary ,240.80,"['240.80', '234.15', '232.25', '232.70', '228.00']"
2018-03-22T11:16:54,In process of unlocking more value via more sales  says Cox Kings ,240.80,"['240.80', '234.15', '232.25', '232.70', '228.00']"
2018-03-22T10:58:33,In process of unlocking more value via more sales  says Cox  Kings ,240.80,"['240.80', '234.15', '232.25', '232.70', '228.00']"
2018-03-22T10:57:38,In process of unlocking more value via more sales  says Cox Kings ,240.80,"['240.80', '234.15', '232.25', '232.70', '228.00']"
2018-03-22T10:57:30,Cox Kings raises Rs 450 crore through sale in education hotels arm ,240.80,"['240.80', '234.15', '232.25', '232.70', '228.00']"
2018-03-22T10:54:22,Cox & Kings Ltd sells 11.58% stake in subsidiary ,240.80,"['240.80', '234.15', '232.25', '232.70', '228.00']"
2018-03-22T10:53:27,Cox & Kings raises Rs 480 crore through #sale in education & hotels arm Click here For 2 days free Trial : ,240.80,"['240.80', '234.15', '232.25', '232.70', '228.00']"
2018-03-22T10:46:05,Cox & Kings raises Rs 480 crore through #sale in education & hotels arm Click here For 2 days free Trial : ,240.80,"['240.80', '234.15', '232.25', '232.70', '228.00']"
2018-03-22T10:44:09,Cox & Kings raises Rs 450 crore through sale in education & hotels arm ,240.80,"['240.80', '234.15', '232.25', '232.70', '228.00']"
2018-03-22T10:43:29,Cox  Kings raises Rs 450 crore through sale in education  hotels arm ,240.80,"['240.80', '234.15', '232.25', '232.70', '228.00']"
2018-03-22T10:14:39,Cox Kings raises Rs 480 crore through sale in education hotels arm ,240.80,"['240.80', '234.15', '232.25', '232.70', '228.00']"
2018-03-22T10:08:27,Cox  Kings raises Rs 480 crore through sale in education  hotels arm ,240.80,"['240.80', '234.15', '232.25', '232.70', '228.00']"
2018-03-22T10:08:07,COX & Kings sell 11.58% stake in subsidiary #EpicResearch For more join us on #WhatsApp ✆ – 7049084664 or Visit: ,240.80,"['240.80', '234.15', '232.25', '232.70', '228.00']"
2018-03-22T09:56:41,Cox & Kings raises Rs 480 crore through sale in education and hotels arm ,240.80,"['240.80', '234.15', '232.25', '232.70', '228.00']"
2018-03-22T09:49:56,Cox Kings sells 11.58% stake in subsidiary ,240.80,"['240.80', '234.15', '232.25', '232.70', '228.00']"
2018-03-22T09:38:20,Cox  Kings sells 11.58% stake in subsidiary ,240.80,"['240.80', '234.15', '232.25', '232.70', '228.00']"
2018-03-22T09:36:49,Cox & Kings sells 11.58% stake in subsidiary ,240.80,"['240.80', '234.15', '232.25', '232.70', '228.00']"
2018-03-22T09:20:38,Cox & Kings sells 11.58% stake in subsidiary  ,240.80,"['240.80', '234.15', '232.25', '232.70', '228.00']"
2018-03-22T08:43:29,#Cox&Kings - Travel firm Cox & Kings today said it has sold 11.58 per cent stake in Prometheon Holdings UK to SSG Capital for Rs 450 crore  after transaction expense and tax.,240.80,"['240.80', '234.15', '232.25', '232.70', '228.00']"
2018-03-22T08:17:57,#OnCNBCTV18| Peter Kerkar  Group CEO  Cox & Kings says annualised interest outgo will come down by Rs 36 cr post deal @blitzkreigm @_prashantnair pic.twitter.com/YFfOdCGmEF,240.80,"['240.80', '234.15', '232.25', '232.70', '228.00']"
2018-03-22T08:13:17,#OnCNBCTV18 | Cox & Kings says in the process of unlocking more value via more sales; Entire Rs 450 cr will be used to repay debt,240.80,"['240.80', '234.15', '232.25', '232.70', '228.00']"
2018-03-22T08:12:29,#OnCNBCTV18 | Cox & Kings says annualised interest outgo will come down by Rs 36 cr post deal; Wanted to establish a value for foreign subsidiaries,240.80,"['240.80', '234.15', '232.25', '232.70', '228.00']"
2018-03-22T07:07:39,COX & KINGS: CO UNIT PROMETHEON ENTERPRISES SOLD 11.58% STAKE IN PROMETHEON HOLDINGS (UK) TO INVESTEE CO OF SSG CAPITAL MANAGEMENT\t,240.80,"['240.80', '234.15', '232.25', '232.70', '228.00']"
2018-03-22T07:07:22,Cox & Kings arm Prometheon sells 11.58% stake in Prometheon Holdings to SSG Cap pic.twitter.com/NdM25DCxkC,240.80,"['240.80', '234.15', '232.25', '232.70', '228.00']"
2018-03-22T06:27:22,Cox & Kings Ltd sells 11.58% stake in subsidiary  Prometheon Enterprises Ltd  #deals #travel,240.80,"['240.80', '234.15', '232.25', '232.70', '228.00']"
2018-03-22T06:11:09,COX & KINGS  wholly owned subsidiary Prometheon Enterprises Ltd has sold 11.58% stake in Prometheon Holdings (UK) Limited (PHUK) to an investee company of SSG Capital Management. In November 2017  SSG Capital had bought The Rohatyan Group's entire stake of 34.42% in PHUK.,240.80,"['240.80', '234.15', '232.25', '232.70', '228.00']"
2018-03-22T06:08:43,Cox & Kings arm Prometheon sells 11.58% stake in Prometheon Holdings to SSG Cap pic.twitter.com/1V4IDE1NZW,240.80,"['240.80', '234.15', '232.25', '232.70', '228.00']"
2018-03-22T02:45:18,What You Should Not Miss In New Zealand Tours - Cox & Kings Blog ,240.80,"['240.80', '234.15', '232.25', '232.70', '228.00']"
