2018-02-04T16:24:47,The scots invented  TV  Telephone  Penicillin  Treatment of malaria  Anaesthetic during child birth  Criminal fingerprinting  Colour photography  Flushing toilets  Hypodermic syringes  Tyres  Tarmac Bit more than kilts and haggis ya wee fanny,3423.25,"['3423.25', '3450.45', '3500.70', '3589.20', '3627.10']"
2018-02-04T15:52:37,Fathers must teach their daughters “boy’s” stuff like driving tv games gardening changing Tyres and so on and so forth.,3423.25,"['3423.25', '3450.45', '3500.70', '3589.20', '3627.10']"
2018-04-03T12:21:26,Maybe there's an opportunity for tyre manufacturers to design real rain tyres?,3442.95,"['3442.95', '3449.05', '3578.90', '3590.20', '3523.55']"
2018-01-26T19:00:45,Market Now: Auto stocks tank; Apollo Tyres  TVS Motor plunge 4% #apostolic ,3450.45,"['3450.45', '3417.75', '3564.20', '3588.45', '3465.80']"
2018-01-15T23:02:50,"My memory of the Cranberries and ""Dolores O'Riordan"" will forever be entangled with this tv advert for Dunlop tyres. Early 90s and both this and the Zombie video has metallic painted people. ",3663.00,"['3663.00', '3609.10', '3613.65', '3646.25', '3621.00']"
2018-01-15T08:59:48,Dear Bipin  We hope that you are satisfied with our response. If you need further support  please email us on customercare@tvstyres.com.    Thank You    Customer Care TVS Tyres,3663.00,"['3663.00', '3609.10', '3613.65', '3646.25', '3621.00']"
2018-01-20T11:28:59,"Stick something like that on TV regularly in the autumn  get the police to reinforce the message and the weather forecasters to say something like ""if you don't have winter tyres on then you're advised not to drive today"" and people would start to catch on.",3604.80,"['3604.80', '3608.80', '3549.00', '3507.35', '3450.45']"
2018-02-14T11:30:09,The TVS N Torq 125 is a scooter with tubeless tyres  front disc brake and a lot of smart features like phone... ,3644.90,"['3644.90', '3634.95', '3696.50', '3651.20', '3749.20']"
2018-02-19T20:46:32,Too much air in the tyres ,3651.20,"['3651.20', '3749.20', '3702.35', '3650.10', '3665.70']"
2018-02-19T02:24:05,Trade Setup: Bearish Positions In Sail  Apollo Tyres  Motherson  Arvind  Sun TV  @tech_mahindra,3651.20,"['3651.20', '3749.20', '3702.35', '3650.10', '3665.70']"
2018-01-29T21:44:53,Nikon Yb NYC FCCerf called crib imom onion inmug TV Dec Xerxes DC cup km Linkin km hmm Jun TV fever ft DC bull I'm mill kneel I'm not UFC RFCs Cancun bull keen mop I'll lol loin Yb HTC FC Dec car tyres 4th Ybbumpy Yb NYC RFCs Cerf FC cake 4th bumpy Yb HTC VCR Zeke TN nil km noun,3450.45,"['3450.45', '3417.75', '3564.20', '3588.45', '3465.80']"
2018-01-29T16:05:28,Why does the simple addition of spotlights and some studded tyres have the ability to instantly transform the totally mundane into something very appealing? If there was an interior decorating equivalent then it would put an end to a lot of daytime TV. pic.twitter.com/vvixH9iy98,3450.45,"['3450.45', '3417.75', '3564.20', '3588.45', '3465.80']"
2018-04-05T08:51:28,And then Grissom matches the nerve agent to the CSI database and they track the culprit down using an impression of his jeep tyres which show that he bought them at the only branch of KwikFit in the UK which stocks them.... FFs...this isn't TV  mate. It doesn't work like that.,3578.90,"['3578.90', '3590.20', '3523.55', '3652.75', '3653.75']"
2018-04-05T07:47:22,‘@TourdeCorseWRC is always tough for our @Michelin_Sport tyres! @krismeeke explain why to @OfficialWRC TV! #WRCpic.twitter.com/DZ5iyBd84Q,3578.90,"['3578.90', '3590.20', '3523.55', '3652.75', '3653.75']"
2018-03-30T16:12:24,Rob. A 2018 WRC car will be anywhere between 4-8 seconds a kilometre faster than a Group B car on the same roads. Tyres  brakes  suspension and traction all vastly superior to 1986. By miles..,3265.45,"['3265.45', '3442.95', '3449.05', '3578.90', '3590.20']"
2018-04-11T21:22:05,All the cars on TV things are so unrealistically clean and shiny. Mine is perennially a bit scuzzy: bird poo on the window  mud around the tyres  a half eaten apple in the cup holder. ,3653.75,"['3653.75', '3609.45', '3631.90', '3601.00']"
2018-04-11T13:03:29,So the new alt truth is Winnie is now a saint. However  I do recall seeing her live on TV back in the 80’s saying with these matches & with these tyres  we will liberate this country. People were being set alight & burned to death each week. Today she is a loving mother ,3653.75,"['3653.75', '3609.45', '3631.90', '3601.00']"
2018-04-11T08:34:44,In this rainy season  your car has to be in a good condition  your whipper  your  car tyres should also be in good condition. Some people don't know tyres expire. ~  Engr. Abdulhafiz Toriola #YourViewTVCpic.twitter.com/N5sVulHWQP,3653.75,"['3653.75', '3609.45', '3631.90', '3601.00']"
2018-04-11T01:05:09,Lots of waste can be recycled and should not be disposed of at landfills via your kerbside household bin or hard rubbish collection. Apart from cardboard and TVs  please also recycle lead acid batteries  paint & tyres. Check out the full list: ,3653.75,"['3653.75', '3609.45', '3631.90', '3601.00']"
2018-01-21T18:10:04,Megafactories on Ignition TV. The amazingly complex engineering that goes into everyday objects like tyres. Absolutely fascinating,3604.80,"['3604.80', '3608.80', '3549.00', '3507.35', '3450.45']"
2018-01-21T00:40:07,Market Now: Auto stocks tank; Apollo Tyres  TVS Motor plunge 4%... ,3604.80,"['3604.80', '3608.80', '3549.00', '3507.35', '3450.45']"
2018-01-21T00:40:07,Market Now: Auto stocks tank; Apollo Tyres  TVS Motor plunge 4% ,3604.80,"['3604.80', '3608.80', '3549.00', '3507.35', '3450.45']"
2018-01-21T00:40:07,Market Now: Auto stocks tank; Apollo Tyres  TVS Motor plunge 4% ,3604.80,"['3604.80', '3608.80', '3549.00', '3507.35', '3450.45']"
2018-01-21T00:40:06,Market Now: Auto stocks tank; Apollo Tyres  TVS Motor plunge 4% ,3604.80,"['3604.80', '3608.80', '3549.00', '3507.35', '3450.45']"
2018-01-03T21:31:00,I don't dispute that. However  football fans are a massive market. Not just 'live' but on TV around the world. You and I are petrol heads. We choose our tyres on what we know. Chang beer sells because of Everton for example.,3803.85,"['3803.85', '3806.30', '3824.90', '3773.55', '3771.05']"
2018-01-03T12:00:56,TVS Tyres Reviewers Meet ,3803.85,"['3803.85', '3806.30', '3824.90', '3773.55', '3771.05']"
2018-01-03T11:40:59,Dear Bipin  Thanks for sharing your concern. Our customer support team will contact you shortly to address your concern.    Thank You    Customer Care TVS Tyres,3803.85,"['3803.85', '3806.30', '3824.90', '3773.55', '3771.05']"
2018-01-03T04:55:50,Dear Naresh   We have received your complaint  to assist you better request you to share your contact number  email id and location at customercare@tvstyres.com  so that our customer support team can get in touch with you at the earliest. Thank You  Customer Care TVS Tyres,3803.85,"['3803.85', '3806.30', '3824.90', '3773.55', '3771.05']"
2018-01-03T04:53:24,Dear Lokesh  We haven't yet received your contact details. Kindly share the same at customercare@tvstyres.com  so that our customer support team can get in touch with you at the earliest.  Thank You   Customer Care TVS Tyres,3803.85,"['3803.85', '3806.30', '3824.90', '3773.55', '3771.05']"
2018-03-11T17:06:22,Apollo Tyres has decreasing Asset utilization also the Equity Multiplier has increased over the years which is a concern as Leverage is being used to boost ROE. Let's compare with TVS Srichakra  it has good asset utilization  decreasing Equity Multiplier for 2 years- good.,3459.10,"['3459.10', '3432.30', '3433.50', '3397.80', '3333.25']"
2018-01-02T02:58:33,APOLLO TYRES DAY TRADE $APOLLOTYRE ,3826.95,"['3826.95', '3803.85', '3806.30', '3824.90', '3773.55']"
2018-01-28T22:29:09,Interesting TV #amagenda  Kroger pumping up Mathew guy's tyres  Gilbert pumping up krogers tyres with *panellist* Jim moderating.,3450.45,"['3450.45', '3417.75', '3564.20', '3588.45', '3465.80']"
2018-01-28T11:03:36,switching from TV to @IMSARadio nice to have the options @RSL_Studio  great coms & pit lane info  cars  tyres  knitting  noises & cats! :-),3450.45,"['3450.45', '3417.75', '3564.20', '3588.45', '3465.80']"
2018-03-13T22:35:16,Agree. To watch Strictly you get in a car/bike&Dunlop tyres  to drive along the ‘tarmacadam’ road to enter your ‘chip&pin’ at the atm to get money to buy the ‘tv’ -all that you couldn’t do without bloody Scots. & we can’t succeed!  Like FUCK! John Bull invented by a bloody SCOT,3432.30,"['3432.30', '3433.50', '3397.80', '3333.25', '3188.40']"
2018-03-13T17:08:05,How many tyres do you through a year in the M4?,3432.30,"['3432.30', '3433.50', '3397.80', '3333.25', '3188.40']"
2018-03-13T13:41:27,Our circuit activity manager Matteo Braga talks to @BlancpainGT TV about the 2018 range of #Fit4GT tyres. #GTpic.twitter.com/1ysYNi2NZj,3432.30,"['3432.30', '3433.50', '3397.80', '3333.25', '3188.40']"
2018-03-08T12:58:56,New episode this morning and I’m waiting for h to get his tyres done and once I’ve been to Tesco so I can fill my face with cold medicine and chocolate watching it on the big tv ,3580.10,"['3580.10', '3495.00', '3459.10', '3432.30', '3433.50']"
2018-03-08T09:22:08,Curious as to why they start each day setting a time on the hyper soft tyres when everyone else is on super soft or soft.  Boosting team moral with a quick time  or trying to impress potential sponsors?,3580.10,"['3580.10', '3495.00', '3459.10', '3432.30', '3433.50']"
2018-01-13T18:06:59,Never mind the SNP Achievements which are great we also gave the World TV  Penicillin Bikes Encyclopedia Britannica Bank of England Tyres Telephones Chicken Tikka Masala fingerprinting Decimal Points (YUK) the BBC Flushing Toilets Radar Ice Hockey Syringe Fridge  @IsThisAB0t,3663.00,"['3663.00', '3609.10', '3613.65', '3646.25', '3621.00']"
2018-01-13T16:47:18,Watching Formula E on tv. The sound is horrible  plus same cars  same tyres - just can't see anything of interest at All! ,3663.00,"['3663.00', '3609.10', '3613.65', '3646.25', '3621.00']"
2018-03-20T21:03:25,Lassa tyres launched its main global TV ad Campaign ,3186.60,"['3186.60', '3167.25', '3120.05', '3184.30', '3188.15']"
2018-03-20T19:26:56,If I were you  I'd be amusing myself by thinking up small curses to lay on her. A string of flat tyres. A succession of paper cuts. Her TV to suddenly develop a single line of misplaced pixels. I'm sure you can think of more...,3186.60,"['3186.60', '3167.25', '3120.05', '3184.30', '3188.15']"
2018-03-20T12:28:36,New TV graphics for 2018: keep track like never before: Tyres  team communications and runs - now you can see exactly what’s happening on track ,3186.60,"['3186.60', '3167.25', '3120.05', '3184.30', '3188.15']"
2018-03-20T07:26:33,It’s not Lincs CC who should be criticised  it’s all those using summer tyres.  Press/TV pics of vehicles unable to get up even a slight incline on a road with less than 2” of snow. Totally unnecessary  get winter tyres!,3186.60,"['3186.60', '3167.25', '3120.05', '3184.30', '3188.15']"
2018-03-20T03:24:41,SAIL NALCO Granules Ganesh Housing Prakash Industries Petronet LNG Maruti Tata Motors NBCC Apollo Tyres Bodal Chemical Meghamani Gravita Hikal TV 18 Broadcast  are few quality stock you can select as per your conviction for addition in dips.,3186.60,"['3186.60', '3167.25', '3120.05', '3184.30', '3188.15']"
2018-03-27T16:58:39,Not to mention the pile of poo  they call 'film' they have on prime. Mostly bad student films. We've switched to 'Now tv' and it's ace! Amazon are a bunch of tyres.,3195.65,"['3195.65', '3217.65', '3265.45', '3442.95', '3449.05']"
2018-03-27T13:33:50,New invention in pakistan | Dozer with tyres | URDU CREATOR TV: ,3195.65,"['3195.65', '3217.65', '3265.45', '3442.95', '3449.05']"
2018-01-23T12:45:14,Yeah  I bet if you forced all teams to only use hard tyres racing would be much better.,3608.80,"['3608.80', '3549.00', '3507.35', '3450.45', '3417.75']"
2018-01-23T12:29:31,Now there's an idea. Noise aside  surely its the car width  the tyres  the newer tracks and aero that cause dull races,3608.80,"['3608.80', '3549.00', '3507.35', '3450.45', '3417.75']"
2018-01-23T10:16:53,If you know how to buy a new TV and watch it only a month and put new tyres Cost R6000 and they take it at night. I hope you'll see the reason why doing this. Truth is we are tired.,3608.80,"['3608.80', '3549.00', '3507.35', '3450.45', '3417.75']"
2018-01-23T09:52:49,F1 should be fast  closely fought and sound like Olympian gods singing-loud  melodic and a bit frightening. The rules should be simple (no 30 place grid penalties) and the cars should refuel for strategy options. Tyres should also function for more than 3 laps. Easy.,3608.80,"['3608.80', '3549.00', '3507.35', '3450.45', '3417.75']"
2018-01-23T07:46:10,Please come to main Street rosettenville ...tyre sellers put tyres on pavements furniture tvs ....no place for pedestrians to walk...no rule of law,3608.80,"['3608.80', '3549.00', '3507.35', '3450.45', '3417.75']"
2018-01-23T06:15:26,Visit a tyre fitters and see the state of tyres they’ve changed. It would be easy to identify the vehicle using its reg. Yrs ago when I bought a tv the shop checked I’d got a tv licence.,3608.80,"['3608.80', '3549.00', '3507.35', '3450.45', '3417.75']"
2018-03-07T15:44:59,He turns worn out tyres into beautiful furniture Jobs are Hard to Find  Find your passion  Create your own Oportunity and Run with it!   pic.twitter.com/fnQGuah8ZZ,3601.00,"['3601.00', '3580.10', '3495.00', '3459.10', '3432.30']"
2018-03-07T11:02:53,Now drive your Bike with latest Tvs Tyres especially designed for summer seasons available… ,3601.00,"['3601.00', '3580.10', '3495.00', '3459.10', '3432.30']"
2018-03-07T07:49:10,#Supernatural TV etiquette (did I spell that right?) Don't kill the dog or slash the Chevy Impala' s tyres ... geez guys,3601.00,"['3601.00', '3580.10', '3495.00', '3459.10', '3432.30']"
2018-03-24T23:29:36,Why not the front Lewis was on pole last year and didnt win  its gonna be a green track and we know Mercedes can cause blisters on their tyres then we have Red Bull on supersofts to start and in Q2 on the same power modes Ferrari and Mercedes are even  its gonna be epic,3188.15,"['3188.15', '3195.65', '3217.65', '3265.45', '3442.95']"
2018-03-24T06:48:49,oh yep! i thought i just saw on tv that they were on ultras. it's hard to find any graphic anywhere of the tyres,3188.15,"['3188.15', '3195.65', '3217.65', '3265.45', '3442.95']"
2018-03-24T06:37:58,@F1 Can we have info about tyres on which each driver is and made his best q time on TV info graphic? Thank you.,3188.15,"['3188.15', '3195.65', '3217.65', '3265.45', '3442.95']"
2018-03-17T19:28:48,New TV graphics for 2018: keep track like never before: Tyres  team communications and runs… ,3188.40,"['3188.40', '3186.60', '3167.25', '3120.05', '3184.30']"
2018-03-17T12:48:58,With TVS Tyres Leadership Team  Madurai @ Heritage Madurai Resort ,3188.40,"['3188.40', '3186.60', '3167.25', '3120.05', '3184.30']"
2018-01-01T14:37:52,Let me see now...telephones/steam engines/railways/tarmac roads/pennicillin/industrial revolution/iron ships/computers/internet/tv/satellites/pneumatic tyres/rubber tyres/jet engines/commercial aircraft/nuclear power/dna/underground metro/English laguage law  culture etc. ,3971.90,"['3971.90', '3826.95', '3803.85', '3806.30', '3824.90']"
2018-01-01T03:59:59,Very good for tvs Tyres pic.twitter.com/d7emzXiEWg,3971.90,"['3971.90', '3826.95', '3803.85', '3806.30', '3824.90']"
2018-04-07T15:47:46,@LewisHamilton rejoins on a set of Supersoft @pirellisport tyres #F1 #LH44 #BahrainGP #BahrainGrandPrix #SkyF1 #espn #F12018 #F1Bahrain,3523.55,"['3523.55', '3652.75', '3653.75', '3609.45', '3631.90']"
2018-04-07T10:25:17,Off to #MipTV with #menandmotorstv to see #globalGenesisgroup about USA tv prospects. Rain tyres on see forcast in #Cannespic.twitter.com/c2AK9nqAgn,3523.55,"['3523.55', '3652.75', '3653.75', '3609.45', '3631.90']"
2018-04-07T08:02:59,"Just started watching S5 of #TheBlacklist .New storyline? New writers? Awful! So funny Liz holding her gun up and yelling ""FBI"" and no-one notices. At least she's learnt that if she shoots car tyres out it will force it to stop - been yelling that at TV for last 4 series!",3523.55,"['3523.55', '3652.75', '3653.75', '3609.45', '3631.90']"
2018-01-09T06:53:46,Dear Naresh  We haven't yet received your contact details. Kindly share the same at customercare@tvstyres.com  so that our customer support team can get in touch with you at the earliest. Thank You   Customer Care TVS Tyres,3771.05,"['3771.05', '3737.85', '3741.20', '3721.05', '3663.00']"
2018-02-26T09:50:20,Citizen tv you ascertain those deflating tyres are traders  traders in What?,3755.95,"['3755.95', '3748.35', '3769.30', '3706.45', '3677.80']"
2018-02-26T06:39:41,Apollo X Football Khel hai ye Khel Hai Ye Apolo Tyres Tv ad Song Free Download ,3755.95,"['3755.95', '3748.35', '3769.30', '3706.45', '3677.80']"
2018-02-15T19:18:36,JK tyres; can go short on the stock $JKTYRE ,3634.95,"['3634.95', '3696.50', '3651.20', '3749.20', '3702.35']"
2018-02-17T19:02:26,Not covered on the modern day advanced car course.  Modern stability control keeps the TV tyres in check. ,3651.20,"['3651.20', '3749.20', '3702.35', '3650.10', '3665.70']"
2018-02-17T13:16:30,I have 2 tyres  nearly new  that fit an X5 - if you are interested give me a shout  okay,3651.20,"['3651.20', '3749.20', '3702.35', '3650.10', '3665.70']"
2018-02-17T12:27:57,Michelin Tyres TV Commercial - Your Peace Of Mind Is What Drives Us - Here's To Resting Easy And Knowing You'll Always Be There - ,3651.20,"['3651.20', '3749.20', '3702.35', '3650.10', '3665.70']"
2018-03-02T12:46:27,Its aresholes like that who make travelling dangerous in ALL conditions. Been out in my @renault_uk  sport Traffic van today  and with all season tyres on  passed all abandoned prats along the way! Inc. a few so called 4x4s,3677.80,"['3677.80', '3670.45', '3601.00', '3580.10', '3495.00']"
2018-01-07T20:43:29,What a man will endure for money for drift tyres   got to be the most down to earth celeb .,3773.55,"['3773.55', '3771.05', '3737.85', '3741.20', '3721.05']"
2018-01-07T11:57:20,That just spoils my tweet!! Well Lando was 'quicker in some sessions' ... and of course who gets the best track time  the new tyres  the lowest fuel and the most laps also counts a lot when sharing a car. #beenthere,3773.55,"['3773.55', '3771.05', '3737.85', '3741.20', '3721.05']"
2018-03-16T19:56:37,"Black tyres  the lip white/ Tyrone Biggums /Giving out turkeys on thanksgiving like nino with us/ we even passin out tv's like Wendy Williams"" haaaaaaaa @Royceda59 @REALDJPREMIER #PRhyme2 #W.O.W. this record is nothing short of a classic #barsfordays",3333.25,"['3333.25', '3188.40', '3186.60', '3167.25', '3120.05']"
2018-04-09T15:46:54,Dont play Mr Naïve did you not see the snipers even visible on the non independent bias TV news shooting at women and children armed  with flags and tyres ?,3523.55,"['3523.55', '3652.75', '3653.75', '3609.45', '3631.90']"
2018-04-09T14:50:30,In your TV advertisement  the hero kills a fish. And you think it will increase your sales of tyres? Doesn't make any sense...,3523.55,"['3523.55', '3652.75', '3653.75', '3609.45', '3631.90']"
2018-04-09T14:49:42,In your TV advertisement  the hero kills a fish. And you think it will increase your sales of tyres? Doesn't make any sense...,3523.55,"['3523.55', '3652.75', '3653.75', '3609.45', '3631.90']"
2018-04-09T14:47:02,That whole episode almost cost Vettel the race. We had the sound down on the TV but I think with bodies and cars all over the pit area Vettel couldn't come in for fresh tyres. So close but incredibly exciting last few laps.,3523.55,"['3523.55', '3652.75', '3653.75', '3609.45', '3631.90']"
2018-04-09T07:15:07,It was awful wasn’t it  I was shouting at the TV that they hadn’t changed that tyre when  Raikonnen set off lol! My poor neighbours  I’d have put money on Vettel’s tyres not making it  he did a really good job (I say grudgingly!! ),3523.55,"['3523.55', '3652.75', '3653.75', '3609.45', '3631.90']"
2018-04-09T07:11:19,They can only put on matches thats on BT and Sky anyway due to licencing anyway the other way surely isnt illegal for tv channels from other countries its more the films etc they are clamping down on,3523.55,"['3523.55', '3652.75', '3653.75', '3609.45', '3631.90']"
2018-04-09T02:48:44,This is a long way from over.  Not just 46 & 93  memories. Should he have accepted his apology  yes. Maybe not so soon after the race.The race start was a shambles. Flag to flag  start on your tyres and do a pit stop. Never work for tv  but hey. But that race at the front. Wow,3523.55,"['3523.55', '3652.75', '3653.75', '3609.45', '3631.90']"
2018-02-02T21:08:11,Customs duty on many products like Mobiles  TV  edible oils  tyres etc has been increased.,3465.80,"['3465.80', '3423.25', '3450.45', '3500.70', '3589.20']"
2018-02-02T12:34:38,Testing the @Pirelli winter tyres now  @Shimmy_TV @RAWMOTORS1 @ThomasTurgoose1 @olficamera @OfficialMBVIPUK @MercedesBenz @MercedesBenzUK @treadmarkwheels #4000MilesAndThenSome #ExtremeRoadTrippic.twitter.com/TeinbOK62n,3465.80,"['3465.80', '3423.25', '3450.45', '3500.70', '3589.20']"
2018-02-02T05:30:08,The fifth edition of the TVS Tyres Insight Car Rally is back in Chennai this weekend. The rally will see sighted drivers teaming up with #blind navigators.,3465.80,"['3465.80', '3423.25', '3450.45', '3500.70', '3589.20']"
2018-04-15T23:10:52,Tonight's topic: Apparently we Are watching a quiz show and they asked what you check on a plane before taking off and his answer is the pressure on the plane's tyres...the tv is off..,3601.00,['3601.00']
2018-04-15T07:30:35,on German TV they explained that Hamilton was already behind the pit to get tyres changed when Safety cars was signaled and the Red Bulls on last straight before pit   so they were able to get the old position back,3601.00,['3601.00']
2018-04-15T07:10:31,He needed new tyres. Should have pitted. Verstappen is gonna do him now.,3601.00,['3601.00']
2018-04-15T06:48:12,Bottas in front of #Seb5  but Seb is on Medium tyres and should be able to one stop whereas Bottas HAS to pit again.,3601.00,['3601.00']
2018-04-15T06:48:02,Ohh its not just the @f1 app wrong tyres its the tv coverage as well #TyreGate #F1 #ChineseGP,3601.00,['3601.00']
2018-04-15T06:30:43,@F1 Why have you taken away what tyres the drivers have on  on the TV graphics? Such important information. Yet you replace with team logo? Where's the logic? Change for change sake....?,3601.00,['3601.00']
2018-04-15T05:59:28,@chainbearf1 Are mandatory tyres still a thing? Because on the tv they're saying the Ferraris might go soft-ultras  but then they wouldn't be using any mandatory tyres  right?,3601.00,['3601.00']
2018-04-14T18:47:22,TVS SHRICHAKRA TYRES CMP 3631.90 .. Waiting for confirmation of Momentum . Require Wkly close above 3960 as detailed in chart! pic.twitter.com/yvT9W1wS8W,3601.00,['3601.00']
2018-04-14T11:29:01,It was so cold at the track today. Merc not like. Warmer tomorrow so Merc can switch tyres on. Should be a really interesting race through the whole field. pic.twitter.com/NT4bf1sM1S,3601.00,['3601.00']
2018-01-04T17:40:18,Very true. The 1990's Top Gear and past format was a more serious  back to basics TV program where they did proper road tests on cars. It feels that now every car program now is obsessed with showing cars going sideways and smoke pouring from rear tyres!!!,3806.30,"['3806.30', '3824.90', '3773.55', '3771.05', '3737.85']"
2018-01-04T05:07:09,Remember that only applied to Richie. If you're looking to be historically accurate  Packer blew up every other Ch9 commentator who didn't pump up the tyres of what we were seeing on TV. Bill & Tony were always firey.,3806.30,"['3806.30', '3824.90', '3773.55', '3771.05', '3737.85']"
2018-03-18T11:03:42,"#TV I watched ""Maigret"" (Night at the Crossroads). Sell diamonds. He was shot. Found the body. Not his sister. Set him up. Items in tyres. He's greedy. Wanted to save her.",3188.40,"['3188.40', '3186.60', '3167.25', '3120.05', '3184.30']"
2018-03-18T10:55:40,..included settee  luggage  tyres  tools  blinds  tvs  a scooter chassis  loads of coloured plastic.  Plenty still to collect.  Who is it fouls up our patch?  #GBSpringClean @BristolWastepic.twitter.com/WnDSL1rD6P,3188.40,"['3188.40', '3186.60', '3167.25', '3120.05', '3184.30']"
2018-03-14T14:44:55,Lobbying MP to raise issues in Parliament  useless? Calling TV/radio shows  useless? Burning tyres and chopping trees  useless? Just trying to see the landscape for expressing public discontent. 2/,3433.50,"['3433.50', '3397.80', '3333.25', '3188.40', '3186.60']"
2018-03-28T18:49:48,Apollo Tyres needs to clear 2\u2026 $APOLLOTYRE ,3217.65,"['3217.65', '3265.45', '3442.95', '3449.05', '3578.90']"
2018-03-28T18:25:17,TVS Apache RTR 160 Top Features: Race-Derived Chassis  Digital Speedometer  Pirelli Tyres & More.. ,3217.65,"['3217.65', '3265.45', '3442.95', '3449.05', '3578.90']"
2018-03-28T15:31:48,TVS Srichakra Tyres  Senior Management Experiential Learning Program in Madurai. pic.twitter.com/Kncjbu5gP8,3217.65,"['3217.65', '3265.45', '3442.95', '3449.05', '3578.90']"
2018-01-27T13:03:39,Any of you watching that last stage live on TV? Elfyn had no intercom  some studded Tyres   and still 4th fastest. Heart in mouth when he lost the backend in that left hander. GO ELFYN GO.,3450.45,"['3450.45', '3417.75', '3564.20', '3588.45', '3465.80']"
2018-02-07T20:51:34,Hi @RachaelMaskell just caught you on @daily_politics What a car crash. Can't believe you keep going on TV. Think you should stick to your campaigns on the tansy beetle & bald tyres,3500.70,"['3500.70', '3589.20', '3627.10', '3642.40', '3644.90']"
2018-02-07T20:47:17,Just watched a guy ride a Vespa scooter on ice on tv absolutely insane nutcase also world superbike had spikes on tyres & got ridden down a World Cup ski run ,3500.70,"['3500.70', '3589.20', '3627.10', '3642.40', '3644.90']"
2018-02-07T16:52:29,Sir  please  give  advertisement of  two  wheeler  tyres  in tv,3500.70,"['3500.70', '3589.20', '3627.10', '3642.40', '3644.90']"
2018-04-04T21:37:39,I also recall watching on TV when people told the governor that the soot was coming from tyres being burnt in a nearby location. Nigeria is sickening! The worst part is that many are helpless but when others come out to fight for a good cause  they attack!,3449.05,"['3449.05', '3578.90', '3590.20', '3523.55', '3652.75']"
2018-04-04T20:33:53,"If a Met Police officer said that it was just some kid in a hoodie and it was bad luck that he broke into the wrong house. There'd be a mob burning tyres  demanding ""answers"" & carrying flat screen TVs down the street. It's the Police under scrutiny here as much as the gentleman.",3449.05,"['3449.05', '3578.90', '3590.20', '3523.55', '3652.75']"
2018-02-27T18:07:17,Actual F1 cars have big wings and tyres which is good only for the look. The solution is big wings OR big Tyres  not both.,3748.35,"['3748.35', '3769.30', '3706.45', '3677.80', '3670.45']"
2018-02-27T16:27:21,One of the solutions is Rock hard tyres. Those would prevent taking corners flat out too.,3748.35,"['3748.35', '3769.30', '3706.45', '3677.80', '3670.45']"
2018-02-27T11:50:48,Easy Tiff. You know it’s just testing and he did that on the Ultra Soft tyres.,3748.35,"['3748.35', '3769.30', '3706.45', '3677.80', '3670.45']"
2018-03-04T19:53:41,Also  this contains one of my pet hates in TV/movies - when a car is being shot at to stop  nobody ever aims at the tyres!! They just fire randomly at the window / doors hoping to hit someone?! ,3677.80,"['3677.80', '3670.45', '3601.00', '3580.10', '3495.00']"
2018-03-04T17:22:31,Disappointing to see no mention of winter tyres in TV and press discussions this weekend. If all cars and trucks on the M80 last week had winter tyres  the snow would not have been anywhere near the problem it turned out to be. Individuals & companies need to take responsibility,3677.80,"['3677.80', '3670.45', '3601.00', '3580.10', '3495.00']"
2018-03-04T14:40:36,He is right Haulage company's are having a laugh blaming lack gritters . Jacknife truck cause of m80 issue....no snow tyres and no chains. Have you seen ice truckers on tv the haulage companies in UK are a joke.,3677.80,"['3677.80', '3670.45', '3601.00', '3580.10', '3495.00']"
2018-03-04T10:29:58,So much like F1 where races are won or lost on tyres! Stop with the bias if it offends you shut up and moan about things you can change!,3677.80,"['3677.80', '3670.45', '3601.00', '3580.10', '3495.00']"
2018-04-01T19:33:47,Such a beautiful smile,3265.45,"['3265.45', '3442.95', '3449.05', '3578.90', '3590.20']"
2018-04-01T16:42:07,Tyres effecting results for some though !,3265.45,"['3265.45', '3442.95', '3449.05', '3578.90', '3590.20']"
2018-04-01T05:11:09,Costlier: # Truck and bus radial tyres # Imported mobile handsets # Imported LCD/ LED/ OLED TV panels and other parts of TVs # Perfumes  toilet water and... ,3265.45,"['3265.45', '3442.95', '3449.05', '3578.90', '3590.20']"
2018-02-12T23:06:59,@AntAnstead Another great build with that Dodge  but I think it needed larger bumpers as it’s cabover (for road safety) and those tyres don’t half look close to the wheel arches when viewed on tv.,3642.40,"['3642.40', '3644.90', '3634.95', '3696.50', '3651.20']"
2018-02-12T17:21:06,Most of the TV ads nowadays are made by some stupids for sure. God knows who is inspired after watching it. May be it Washing powder Sanitary pads Tooth paste Deodorant Perfume Cement Tyres Fairness cream Beauty soap Shampoo Bla bla bla exact approach to a client is missing pic.twitter.com/AuM0PPH9Az,3642.40,"['3642.40', '3644.90', '3634.95', '3696.50', '3651.20']"
2018-02-12T09:17:02,From ,3642.40,"['3642.40', '3644.90', '3634.95', '3696.50', '3651.20']"
2018-01-17T16:20:00,Celtic TV host Gerry McCulloch's car tyres punctured by 'identical screws' ,3613.65,"['3613.65', '3646.25', '3621.00', '3604.80', '3608.80']"
2018-03-26T19:27:59,If Vettel didn't pit for tyres why does the TV show Vettel drivng out of the pits in front of Hamilton. You surely don't think Vettel did the full race without a tyre change!,3188.15,"['3188.15', '3195.65', '3217.65', '3265.45', '3442.95']"
2018-03-26T17:36:12,.......and that is a complete waste of that space (in general  not Sauber / Alfa specific) Almost anything else would be more useful; tyres (small)  pitstops  positions gained / lost  Oh  I don't know - actual TV picture........,3188.15,"['3188.15', '3195.65', '3217.65', '3265.45', '3442.95']"
2018-03-26T10:00:59,Market Now: Nifty Auto index in the green; Apollo Tyres  TVS Motor climb over 2% ,3188.15,"['3188.15', '3195.65', '3217.65', '3265.45', '3442.95']"
2018-01-31T20:49:43,Oooh nice tyres,3564.20,"['3564.20', '3588.45', '3465.80', '3423.25', '3450.45']"
2018-03-03T21:18:07,#free #recharge #deals #freebie #referral #referandearn #earn #refer #offers #loot #rechargetricks #unlimitedtrick #script #onlinescript #referralscript Drive Safe On TVS Tyres Win Paytm Cash  Mobile Recharge  LED TVs  Bikes ,3677.80,"['3677.80', '3670.45', '3601.00', '3580.10', '3495.00']"
2018-03-03T20:34:52,Them tyres got my name on them  enjoy ,3677.80,"['3677.80', '3670.45', '3601.00', '3580.10', '3495.00']"
2018-03-03T18:50:10,ya that's the thing  I was watching something on tv last night and they basically said our problem is we're so unprepared because we don't get bad snow all that often  so no one has snow tyres/prepares properly for it so when there are weather warnings it's dangerous bc of that,3677.80,"['3677.80', '3670.45', '3601.00', '3580.10', '3495.00']"
2018-03-03T13:48:37,Isn't this just a sprint v endurance race argument? Part of the problem is when a race series sells itself as the former but delivers the latter. How about denoting some as sprint and some endurance  with different rules for each (e.g. tyres  energy delivery  etc...),3677.80,"['3677.80', '3670.45', '3601.00', '3580.10', '3495.00']"
2018-03-03T13:44:57,Lift and coast in F1 is to save tyres....but hey that's flat out 100% racing according to you.,3677.80,"['3677.80', '3670.45', '3601.00', '3580.10', '3495.00']"
2018-03-03T12:31:31,The tubeless tyres fitted on light-weight racing alloy wheels gives a better handling and ride dynamics when the rubber hits the track. #TVSRTR #RTR2004Vpic.twitter.com/qOFLKxyDQW,3677.80,"['3677.80', '3670.45', '3601.00', '3580.10', '3495.00']"
2018-03-09T16:17:54,In getting new tyres....Look at the tv man! pic.twitter.com/eaPgiOScCj,3495.00,"['3495.00', '3459.10', '3432.30', '3433.50', '3397.80']"
2018-03-19T19:08:46,I’ve also tried watching it a few times. One race last year I switched it off before it even started because it looked like they were about to start racing around a car park lined with tyres.,3188.40,"['3188.40', '3186.60', '3167.25', '3120.05', '3184.30']"
2018-03-19T14:37:12,Yes Generic wings  all teams  Lots of power and grippy tyres,3188.40,"['3188.40', '3186.60', '3167.25', '3120.05', '3184.30']"
2018-03-19T12:59:44,Lift and coast is easier on the tyres as well. If you're going for a one stop for example it makes a big difference. Also you're - presumably - taking load off the engine which in this day and age centred around engine life is probably worth a few grid slots mid season ,3188.40,"['3188.40', '3186.60', '3167.25', '3120.05', '3184.30']"
2018-03-19T12:58:06,Hymer and Chausson star tonight on Practical Motorhome TV! Plus we head to Broadhembury Holiday Park and talk tyres with our expert. We're on Sky 212  Freesat 161 and live online (here: ,3188.40,"['3188.40', '3186.60', '3167.25', '3120.05', '3184.30']"
2018-03-19T12:15:59,same as F1 then: Fuel delta  Tyre wear delta  engine mode delta. GRRR. New cheap engine every race  loads of tyres  as much or little fuel as you want  simple aero  just get on with it.,3188.40,"['3188.40', '3186.60', '3167.25', '3120.05', '3184.30']"
2018-03-25T20:12:18,@F1 Whoever is doing your new TV graphic overlays has done a great job! They’re slicker than the tyres #F1,3188.15,"['3188.15', '3195.65', '3217.65', '3265.45', '3442.95']"
2018-04-12T14:49:26,TVS Tyres New TVC Ad 2017 Hindi Tv Ad Ringtone Download ,3609.45,"['3609.45', '3631.90', '3601.00']"
2018-03-21T14:29:59,Michael talks tyres @M_Dunlop3 #iomtt #tt2018 #michaeldunloppic.twitter.com/SkOFozchDy,3167.25,"['3167.25', '3120.05', '3184.30', '3188.15', '3195.65']"
2018-03-10T16:56:07,I’d tweet that goal but I’ve just smashed the tv up  thrown the dog on the fire and slashed the neighbours tyres. Unbelievable,3459.10,"['3459.10', '3432.30', '3433.50', '3397.80', '3333.25']"
2018-03-10T15:00:04,TVS Tyres: Plant Visit & Tyre Testing @TVSTyresIndia ,3459.10,"['3459.10', '3432.30', '3433.50', '3397.80', '3333.25']"
2018-02-18T17:52:35,Was upstairs hoovering  music playing  the BF came in & turned Manson off & put skiing on tv    may have to go n stab his motorbike tyres ,3651.20,"['3651.20', '3749.20', '3702.35', '3650.10', '3665.70']"
2018-02-18T13:25:54,Where you see rotor on flying cars. In as much as flying cars arent a thing  Every concept flying car on tv/movies have tyres. That’s what we are talking about here.,3651.20,"['3651.20', '3749.20', '3702.35', '3650.10', '3665.70']"
2018-01-06T17:55:20,They should do a 10-20 lap sprint race of the 2001-4 V10s on slicks ahead of the GP. Would love to see what they could really do! There was some great racing and overtaking then and it gets forgotten. No need to worry about tyres fuel etc.,3773.55,"['3773.55', '3771.05', '3737.85', '3741.20', '3721.05']"
2018-03-06T18:39:25,Jim's fired up! Not looking for long distance though. Brands Indy circuit  60 000 crowd. Road tyres  pump fuel  not a race but single lap time attack one at a time. Have as many goes as you want. Bring the best driver you can hire. #getiton,3670.45,"['3670.45', '3601.00', '3580.10', '3495.00', '3459.10']"
2018-03-06T17:59:33,Yeah I remember that  think it was Harris round a track  918 just goes out and does its thing and beats the P1  mclaren then play with tyre pressures and the Porsche still comes out on top  then new tyres come and it pips the Porsche,3670.45,"['3670.45', '3601.00', '3580.10', '3495.00', '3459.10']"
2018-03-06T09:42:23,So EU is like Costco - pay a subscription and get the benefits of membership (discounted goods  quality goods  customer service).  Leave and stop paying subs - you then can't go back just to buy Tyres  Opticians  Cofee  TVs. Impact on Costco is slighly reduced turnover. You lose.,3670.45,"['3670.45', '3601.00', '3580.10', '3495.00', '3459.10']"
2018-04-06T21:19:03,Embarrass your local council. Plant the potholes. Call the local tv channel. Water the flowers. Save your tyres and wheels. pic.twitter.com/ct59i3NT5w,3590.20,"['3590.20', '3523.55', '3652.75', '3653.75', '3609.45']"
2018-04-06T17:05:51,Urgent meeting needed? Really? How slow are they. An urgent meeting was needed years ago. It doesn't help when drivers don't get into overtaking positions that often because they are saving tyres or engines. It's a 2 hour race. You see more agression in a 24 hour race.,3590.20,"['3590.20', '3523.55', '3652.75', '3653.75', '3609.45']"
2018-04-06T11:58:43,I liked a @YouTube video ,3590.20,"['3590.20', '3523.55', '3652.75', '3653.75', '3609.45']"
2018-04-06T11:29:24,Show us that “set of soft tyres” even on TV graphics please!,3590.20,"['3590.20', '3523.55', '3652.75', '3653.75', '3609.45']"
2018-04-06T03:35:36,I don't know why but I'm just watching Kill Bill on TV,3590.20,"['3590.20', '3523.55', '3652.75', '3653.75', '3609.45']"
2018-02-23T21:08:52,You rarely see that much smoke coming off tyres in tv shows now!!,3665.70,"['3665.70', '3755.95', '3748.35', '3769.30', '3706.45']"
2018-02-23T20:19:19,For some reason  I've remembered one of my favourite all time TV adverts ,3665.70,"['3665.70', '3755.95', '3748.35', '3769.30', '3706.45']"
2018-02-23T06:07:29,Tv/nav  back camera  back spoliler  Original Toyota Alloyrims with tyres etc ,3665.70,"['3665.70', '3755.95', '3748.35', '3769.30', '3706.45']"
2018-02-01T22:32:08,- Halo  - New logo  - Superhard tyres  - Grid girls gone  - Start times: all over the place  - Overtaking sorted  - Free to air on TV  - Cheaper race tickets  why do you hate the fans so much.,3588.45,"['3588.45', '3465.80', '3423.25', '3450.45', '3500.70']"
2018-02-01T22:28:34,- Halo  - New logo  - Superhard tyres  - Grid girls gone  - Start times: all over the place  - Overtaking sorted  - Free to air on TV  - Cheaper race tickets ,3588.45,"['3588.45', '3465.80', '3423.25', '3450.45', '3500.70']"
2018-02-01T20:16:50,The state of #f1 in 2018: - Halo  - New logo  - Superhard tyres  - Grid girls gone  - Start times: all over the place  - Overtaking sorted  - Free to air on TV  - Cheaper race tickets  #LibertyMediaOut @JennieGow @C4F1,3588.45,"['3588.45', '3465.80', '3423.25', '3450.45', '3500.70']"
2018-02-01T18:07:20,#Budget2018: Bad news for the #MiddleClass  vegetable & fruit juices  oral dental & shaving products  mobile phones  LCD TV  vegetable oil  watches  deodrants  etc get costlier! Customs duty on sunglasses  furniture  toys  and tyres have also been hiked.   #antimiddleclassbudget,3588.45,"['3588.45', '3465.80', '3423.25', '3450.45', '3500.70']"
2018-02-01T12:09:47,Imported items costlier:  *Vehicles  *phones  *silver Gold *Veggies  oil *Sunglasses  *Food preparations *Perfumes *Skincare makeup *Radial tyres  *Fabrics  *Footwear  *Gemstone *Smart watch *TV *Furniture *watch *Toys *Video games *Cigarette #UnionBudget #UnionBudget2018India,3588.45,"['3588.45', '3465.80', '3423.25', '3450.45', '3500.70']"
2018-02-01T10:27:01,The following is a list of products that will turn costlier: * Footwear * Vegetable fruit juices * Sunglasses * Diamonds * TV * Watches * Cars and motorcycles * Mobile phones * Gold Silver * Tyres * Silk Fabrics * Furniture * Mattresses * Cigarettes * vegetable oils #Budget2018,3588.45,"['3588.45', '3465.80', '3423.25', '3450.45', '3500.70']"
2018-02-01T09:10:50,I don’t think that’s the problem  the problem is it’s another thing that we all no & love being taken from f1 like Refuelling  to much aero  tyres  screaming v8s-10-12s   grid girls  free tv viewing  the list is endless. Won’t know f1 soon !,3588.45,"['3588.45', '3465.80', '3423.25', '3450.45', '3500.70']"
2018-02-06T13:03:11,PS4 or brand new tyres  Bigger TV screen etc.. ,3450.45,"['3450.45', '3500.70', '3589.20', '3627.10', '3642.40']"
2018-02-06T11:24:13,I am a bit confused. We didn’t create the Taj Mahal  Thai temples  erm Rapa Nui stone men  but we’ve never taken credit for them. TV  telephone  tyres  sonar  combustion engine  electric lights & many more. Yep. Our work. ,3450.45,"['3450.45', '3500.70', '3589.20', '3627.10', '3642.40']"
2018-02-06T06:30:47,#Results: India: Apollo Tyres  Thermax  Spicejet  HERO  Wheels  Claris Life  FRetail  Kamat Hotel  Vardhman Text  Berger Paints  JK Agri  Dish TV  Greenlam  Heritage Foods  Cupid  Blue Star  Lupin  Century Enka  JK Agri  JSW Energy  Nirlon  Monsanto  Natco  Oracle FS  Tasty Bite.,3450.45,"['3450.45', '3500.70', '3589.20', '3627.10', '3642.40']"
2018-02-06T04:48:47,Let's not forget about Results today..  Hero Moto  Lupin Berger Paints  Thermax  Monsanto India   REC  Apollo Tyres  Tata Chemicals   Blue Star  JSW Energy  Praj Ind   Spicejet  Natco Pharma  Siemens   Dish TV  Punjab National Bank  Future Retail,3450.45,"['3450.45', '3500.70', '3589.20', '3627.10', '3642.40']"
2018-02-06T04:39:44,Results today: Hero Motocorp  Lupin  AIA Engineering  Apollo Tyres  Bank of Maharashtra  Berger Paints  Blue Star  Castrol India  Dish TV India  Future Retail  JSW Energy  KEC Intl  Natco Pharma  Oracle Financial Services Software  PNB  REC  Siemens  Spicejet  Tata Chemicals.,3450.45,"['3450.45', '3500.70', '3589.20', '3627.10', '3642.40']"
2018-02-06T04:08:58,Instead of tvs tyres as a standard factory fitted item  better giving optional to other tyre brands like MRF  Ceat n etc. As like in the apache also comes with Pirelli tyres. Other two wheeler companies also offering this options to their customers  not interested with tvs n EG.,3450.45,"['3450.45', '3500.70', '3589.20', '3627.10', '3642.40']"
2018-02-06T03:36:52,RESULTS TODAY HERO MOTO  LUPIN APOLLO TYRES  BK OF MAHA  BERGER PAINTS  CASTROL INDIA LTD  CUPID  DISH TV  FUTURE RETAIL  GSFC  GUJ ALK  NATCO PHARMA  NELCO  POLARIS CONS  PNB  CANARA BK  SIEMENS  SPICEJET  TATA CHEMICALS  THERMAX,3450.45,"['3450.45', '3500.70', '3589.20', '3627.10', '3642.40']"
2018-02-06T03:22:28,RESULTS TODAY HERO MOTO  LUPIN APOLLO TYRES  BK OF MAHA  BERGER PAINTS  CASTROL INDIA LTD  CUPID  DISH TV  FUTURE RETAIL  GSFC  GUJ ALK  NATCO PHARMA  NELCO  POLARIS CONS  PNB  CANARA BK  SIEMENS  SPICEJET  TATA CHEMICALS  THERMAX,3450.45,"['3450.45', '3500.70', '3589.20', '3627.10', '3642.40']"
2018-02-06T03:21:28,RESULTS TODAY HERO MOTO  LUPIN APOLLO TYRES  BK OF MAHA  BERGER PAINTS  CASTROL INDIA LTD  CUPID  DISH TV  FUTURE RETAIL  GSFC  GUJ ALK  NATCO PHARMA  NELCO  POLARIS CONS  PNB  CANARA BK  SIEMENS  SPICEJET  TATA CHEMICALS  THERMAX,3450.45,"['3450.45', '3500.70', '3589.20', '3627.10', '3642.40']"
2018-02-06T03:20:49,#ResultsToday #Nifty Cos ... HERO MOTO LUPIN #NonNifty F&O Stocks ... APOLLO TYRES BERGER PAINTS CASTROL INDIA DISH TV GSFC PNB CANARA BANK SIEMENS TATA CHEMICALS #CashMkt Stocks ...  BLUE STAR FUTURE RETAIL NATCO PHARMA NELCO  SPICEJET  THERMAX @CNBC_Awaaz #Q3WithAwaazpic.twitter.com/RKnUl5tbqF,3450.45,"['3450.45', '3500.70', '3589.20', '3627.10', '3642.40']"
2018-02-06T03:01:31,Results Today: NIFTY 50 HERO MOTOCORP LUPIN  NIFTY F&O APOLLO TYRES  BERGER PAINTS INDIA CASTROL INDIA  DISH TV INDIA JSW ENERGY  ORACLE FINANCIAL SERVICES SOFTWARE PUNJAB NATIONAL BANK RAMCO CEMENTS  RURAL ELECTRIFICATION CORP SIEMENS  TATA CHEMICALS   GSFC,3450.45,"['3450.45', '3500.70', '3589.20', '3627.10', '3642.40']"
2018-02-06T02:46:59,Other Earnings To Watch     Advanced Enzyme Technologies     AIA Engineering     Apollo Tyres     Bank Of Maharashtra     Berger Paints     Blue Star     Castrol India     Dish TV India     Future Retail     JSW Energy     KEC International     Natco Pharma,3450.45,"['3450.45', '3500.70', '3589.20', '3627.10', '3642.40']"
2018-04-08T21:08:58,@LewisHamilton Sorry to say but You lost the race thankfull you're team i think You are sourond by a team of babys why they expect Vettel to change tyres  when You change you're tyres IT was the oportunity to go after Vettel in tv i saw that You lose this race when You change tyr,3523.55,"['3523.55', '3652.75', '3653.75', '3609.45', '3631.90']"
2018-04-08T17:50:09,Yeah - in the prep room before the presentation. They shoes him clash tyres with Max on tv . He was talking to Bottas. I’m still laughing hehehe,3523.55,"['3523.55', '3652.75', '3653.75', '3609.45', '3631.90']"
2018-04-08T17:11:39,IMHO print & TV Journos have been banging on about 'handling' even on commuter cars for years. OK if you've got the car for a review but a pain in the arse for us. Fiesta Titanium about 6 years ago was praised for its handling but the rubber band tyres couldn't handle UK roads.,3523.55,"['3523.55', '3652.75', '3653.75', '3609.45', '3631.90']"
2018-04-08T16:46:28,Fuck Pirelli and their stupid tyres man.,3523.55,"['3523.55', '3652.75', '3653.75', '3609.45', '3631.90']"
2018-04-08T16:42:30,What will explode first: 1. Your bladder 2. Sebs tyres,3523.55,"['3523.55', '3652.75', '3653.75', '3609.45', '3631.90']"
2018-04-08T15:33:05,@MBrundleF1 why no tyre info on the tv graphics? We can't see what tyres anyone's on. Pleaae keep us up to date,3523.55,"['3523.55', '3652.75', '3653.75', '3609.45', '3631.90']"
2018-04-08T09:16:36,Have you checked if the tyres need changes?,3523.55,"['3523.55', '3652.75', '3653.75', '3609.45', '3631.90']"
2018-04-08T05:33:07,The intimidation  projectiles being thrown  tyres being burnt and aggression is being carried out by one side of the border. That's clear to see from any tv coverage  no matter what channel you watch...,3523.55,"['3523.55', '3652.75', '3653.75', '3609.45', '3631.90']"
2018-02-03T22:51:28,Show me a country without massive debts. Oil price up  production costs halved. Huge finds. Not much England can do that Scotland can’t but without ATMs  chip&pin  tyres & tarmac as a simple example  you’d not be able to buy a tv & our peat bogs are 30% size of Amazon-no whisky,3423.25,"['3423.25', '3450.45', '3500.70', '3589.20', '3627.10']"
2018-02-03T05:15:53,Proposed hike in customs duty on imported truck & bus radial tyres  coupled with anti-dumping duty  will improve competitiveness of Indian tyre manufacturers  against Chinese imports - ICRA Report  @MRFWorldwide #TVSTyres @CEATtyres,3423.25,"['3423.25', '3450.45', '3500.70', '3589.20', '3627.10']"
2018-01-05T22:16:35,The fly-tip I discovered in West Norfolk... A big pile of tyres  partly submerged and partly on land  with some mattresses  large containers  a TV  and general #rubbish / #litter / #pollution Little bit of info ... (contpic.twitter.com/sTeHQoHuxp,3824.90,"['3824.90', '3773.55', '3771.05', '3737.85', '3741.20']"
2018-01-05T18:52:52,live sport streams tv | #FA_Cup | Liverpool vs Everton | Livestream | 05-01-2018 ,3824.90,"['3824.90', '3773.55', '3771.05', '3737.85', '3741.20']"
2018-01-05T13:12:49,Along with fridges  freezers  tvs  washing machines  tyres  etc?,3824.90,"['3824.90', '3773.55', '3771.05', '3737.85', '3741.20']"
2018-01-05T05:43:17,Dear Lokesh  We still haven't received your contact details so we are closing this request  if you need further support please email us on: customercare@tvstyres.com Thank You   Customer Care TVS Tyres,3824.90,"['3824.90', '3773.55', '3771.05', '3737.85', '3741.20']"
2018-01-18T19:42:03,Watching the show about puppies on @channel5_tv  great show  but im a little concerned over a play area they have the puppies in  there's clearly huge  sharp nails poking out of the tyres the pups play in...,3646.25,"['3646.25', '3621.00', '3604.80', '3608.80', '3549.00']"
2018-01-18T12:01:06,Market Now: Auto stocks tank; Apollo Tyres  TVS Motor plunge 4% ,3646.25,"['3646.25', '3621.00', '3604.80', '3608.80', '3549.00']"
2018-01-18T07:25:45,"Seriously? Stroll is a genuinely quick guy  Sirotkin is the best ""filler"" option until they get a better driver. Kubica only outpaced Sirotkin because his tyres were 2 or 3 compounds softer...",3646.25,"['3646.25', '3621.00', '3604.80', '3608.80', '3549.00']"
2018-01-18T01:44:25,Your first look at all-new Top Gear TV s25... ,3646.25,"['3646.25', '3621.00', '3604.80', '3608.80', '3549.00']"
2018-01-30T21:32:15,#BeforeWeDie Why do the good guys never shoot out the bad guys’ tyres - in this of any other tv series?,3417.75,"['3417.75', '3564.20', '3588.45', '3465.80', '3423.25']"
2018-01-30T10:37:14,Last week  we spoke with @channel5_tv's @5_News about how we're campaigning to change this vital law! Unfortunately  the longer there's a lack of legislation in place that prevents the use of dangerously old tyres - then the longer public safety is at risk.  #OldTyresKill,3417.75,"['3417.75', '3564.20', '3588.45', '3465.80', '3423.25']"
2018-03-23T16:33:29,Plz give bike tyres tv add too  @JKTyreCorporate,3184.30,"['3184.30', '3188.15', '3195.65', '3217.65', '3265.45']"
2018-03-23T13:43:34,We have Hero MotoCorp  Apollo Tyres  Kia  Isuzu Motors Rockman and 16 ancillary units of Kia in Rayalaseema. Very soon Ashok Leyland  Bharat Forge and TVS Sundaram Brake Linings to follow. ,3184.30,"['3184.30', '3188.15', '3195.65', '3217.65', '3265.45']"
2018-03-23T06:51:14,Yep I have  it ! They have changed it a bit couldn't get it going FP1 but going in FP2  it's £19.99 hope it's not going to cut out but I still like it to see the gaps etc not impressed with info on the TV . Also for tyres info,3184.30,"['3184.30', '3188.15', '3195.65', '3217.65', '3265.45']"
2018-03-23T04:33:37,It's great If there can be optional model with Tourer features Travel suspension Straight broad seat with pillon comfort Straight comfortable riding posture Windshield TVS ATT tyres  dual ABS etc It will be greater for customers as many wish to travel long in comfort with pillon,3184.30,"['3184.30', '3188.15', '3195.65', '3217.65', '3265.45']"
2018-02-10T23:26:19,Yesterday - 2 new tyres for this thing  clothes washing  binge watching TV  dinner for daughter's 21st.  Today - gardening  binge TV  iron shirts pic.twitter.com/UesAceCZfW,3642.40,"['3642.40', '3644.90', '3634.95', '3696.50', '3651.20']"
2018-02-10T16:34:55,Great you finally had a go  Tiff. Next time  race mode & press the left indicator stalk. Cup 2 tyres  From April 2017 they lowered the seats a bit.  Thanks @lovecars,3642.40,"['3642.40', '3644.90', '3634.95', '3696.50', '3651.20']"
2018-02-10T12:56:41,TVS Tyres makes a mark at AUTO EXPO 2018 with latest range  ,3642.40,"['3642.40', '3644.90', '3634.95', '3696.50', '3651.20']"
2018-02-10T10:00:07,ETAuto | AutoExpo2018: TVS Tyres makes a mark with latest range ,3642.40,"['3642.40', '3644.90', '3634.95', '3696.50', '3651.20']"
2018-02-10T08:56:39,"TVS ""Tyres makes a mark at AUTO EXPO 2018"" with latest range  ",3642.40,"['3642.40', '3644.90', '3634.95', '3696.50', '3651.20']"
2018-02-10T02:01:46,TVS Tyres makes a mark at AUTO EXPO 2018 with latest range.. ,3642.40,"['3642.40', '3644.90', '3634.95', '3696.50', '3651.20']"
2018-02-20T17:31:37,True.Where do criminals stay? They're  known to us.We have to fight together.They've stolen radios tv's sound systems  phones  tyres from me,3749.20,"['3749.20', '3702.35', '3650.10', '3665.70', '3755.95']"
2018-02-20T11:25:15,Make your rides comfortable and safe with the super grip tread button tyres of TVS StaR City+ Dual Tone. To know more visit: ,3749.20,"['3749.20', '3702.35', '3650.10', '3665.70', '3755.95']"
2018-04-13T20:53:42,DESTINIES ON FLAT TYRES ,3631.90,"['3631.90', '3601.00']"
2018-04-13T20:53:34,DEFLATOR OF DESTINY-TYRES ,3631.90,"['3631.90', '3601.00']"
2018-04-13T07:54:27,TVS Tyres New TVC Ad 2017 Hindi Tv Ad Ringtone Download ,3631.90,"['3631.90', '3601.00']"
2018-01-12T18:03:02,A start is not a pit stop! Throughout the 80s when I was racing Group C cars the tyres and fuel were often done quicker than the driver change. You had to be quick! ,3721.05,"['3721.05', '3663.00', '3609.10', '3613.65', '3646.25']"
2018-01-12T11:55:47,APOLLO TYRES Daily Chart... $APOLLOTYRE ,3721.05,"['3721.05', '3663.00', '3609.10', '3613.65', '3646.25']"
2018-01-12T11:48:29,Daytime TV is so crap  off work ill and I’m sat watching how giant tyres are made,3721.05,"['3721.05', '3663.00', '3609.10', '3613.65', '3646.25']"
2018-01-12T10:00:40,Bike is fucked... again. Unless the kids are stabbing the tyres in the night  I’m blaming the roads.,3721.05,"['3721.05', '3663.00', '3609.10', '3613.65', '3646.25']"
2018-01-10T14:32:36,Black and white TV Ads especially  ceat tyres  with rhino ads,3737.85,"['3737.85', '3741.20', '3721.05', '3663.00', '3609.10']"
2018-01-10T03:57:05,TVS   Srichakra Tyres Are under Moving to Fresh high,3737.85,"['3737.85', '3741.20', '3721.05', '3663.00', '3609.10']"
2018-01-14T18:07:40,MRF MoGrip FMSCI National Supercross 2018 Round-1 Kochi More Details Click Here  ,3663.00,"['3663.00', '3609.10', '3613.65', '3646.25', '3621.00']"
2018-01-14T15:57:13,"If #Roku were a ""third wheel""  it would (at least) be one you can rely on when needed - like a ""snow tyre"" - for #streaming content that your other wheels/tyres (i.e. devices) aren't equipped to deal with!#RokuUK devices are still the closest to a ""one box solution"" for UK TV",3663.00,"['3663.00', '3609.10', '3613.65', '3646.25', '3621.00']"
2018-01-11T23:09:34,Dawn Butler shouldn't be let anywhere near a free form question and answer TV program...Im just waiting for the sound of screeching tyres and a massive collision,3741.20,"['3741.20', '3721.05', '3663.00', '3609.10', '3613.65']"
2018-01-11T19:51:00,@tiff_tv FYI - Pirelli on why it won't call its tyres hard/medium/soft at each race: ,3741.20,"['3741.20', '3721.05', '3663.00', '3609.10', '3613.65']"
2018-01-11T13:58:13,I liked a @YouTube video ,3741.20,"['3741.20', '3721.05', '3663.00', '3609.10', '3613.65']"
2018-01-11T05:27:14,Dear Naresh  We still haven't received your contact details so we are closing this request  if you need further support please email us on: customercare@tvstyres.com Thank You   Customer Care TVS Tyres,3741.20,"['3741.20', '3721.05', '3663.00', '3609.10', '3613.65']"
2018-03-05T11:52:57,Joined in our 1st French protest today to save the closure of a class at our daughter's school. Main road blocked  tv crew  but no tyres burnt! #whatdowewant #loveFrance #school #newlifeinfrancepic.twitter.com/tMUeUypLd1,3677.80,"['3677.80', '3670.45', '3601.00', '3580.10', '3495.00']"
2018-03-05T10:52:07,Just had it confirmed my tyre sponsor for the second year is @Maxxis_Tyres and I am over the moon - absolutely love what I do - love it pic.twitter.com/XgI4WbnSAk,3677.80,"['3677.80', '3670.45', '3601.00', '3580.10', '3495.00']"
2018-03-05T06:15:02,AutoExpo2018: TVS Tyres makes a mark with latest range - ET Auto ,3677.80,"['3677.80', '3670.45', '3601.00', '3580.10', '3495.00']"
2018-03-05T00:12:52,Looking forward to F1 TV! But now  during #F1Testing   could you please ALSO mention the tyres used in your timesheet? It's nice to know the laptimes  but it's useless if you don't show the tyres used  at the same time. Like @SkySportsF1 in 2016 @theinsidelinehq #F1pic.twitter.com/JJQOpehyTT,3677.80,"['3677.80', '3670.45', '3601.00', '3580.10', '3495.00']"
2018-01-22T18:42:09,Beautiful Lady Turning Tyres To Furniture In Port Harcourt ,3604.80,"['3604.80', '3608.80', '3549.00', '3507.35', '3450.45']"
2018-01-22T18:28:36,Let #FormulaE do all the electric racing/development for cars. Let #f1 be about beauty noise small wings smooth bodywork and wide tyres! Oh to see these race again would be so beautiful pic.twitter.com/tBOyFvbMxB,3604.80,"['3604.80', '3608.80', '3549.00', '3507.35', '3450.45']"
2018-01-22T15:45:05,Awesome!!! Nigerian Lady Creates Beautiful Brand New Furniture With Condemned Tyres Gotten From Dustbins (See Photos) - ,3604.80,"['3604.80', '3608.80', '3549.00', '3507.35', '3450.45']"
2018-01-22T15:43:37,Awesome!!! Nigerian Lady Creates Beautiful Brand New Furniture With Condemned Tyres Gotten From Dustbins (See Photos) - ,3604.80,"['3604.80', '3608.80', '3549.00', '3507.35', '3450.45']"
2018-01-22T15:42:17,......sat next to my 1989 2CV and the tyres on the Deuche look fat in comparison to the tyres on the Morris. ,3604.80,"['3604.80', '3608.80', '3549.00', '3507.35', '3450.45']"
2018-01-22T15:42:06,Awesome!!! Nigerian Lady Creates Beautiful Brand New Furniture With Condemned Tyres Gotten From Dustbins (See Photos) - ,3604.80,"['3604.80', '3608.80', '3549.00', '3507.35', '3450.45']"
2018-01-22T15:40:05,Just watched that test on YouTube. As mentioned by someone else  you should have tested the twin-engined 4-wheel-drive 2CV Sahara. That would have shit all over the C-Crosser. As regards the narrow tyres  I have a 1932 Morris Minor (the original pre-war version) in my garage...,3604.80,"['3604.80', '3608.80', '3549.00', '3507.35', '3450.45']"
2018-01-22T12:10:51,Meet The Nigerian Lady Who Creates Beautiful Brand New Furnitures With Condemned Used Tyres Gotten From Dustbins (Photos) ,3604.80,"['3604.80', '3608.80', '3549.00', '3507.35', '3450.45']"
2018-01-22T10:52:06,Must be on some amazing tyres,3604.80,"['3604.80', '3608.80', '3549.00', '3507.35', '3450.45']"
2018-01-25T22:50:35,"So it's ok for any member of the public to ""play games"" in their cars and screech their tyres then?  It's a TV programme not law enforcement so they should stay within the law unless they have special dispensation from the law?",3507.35,"['3507.35', '3450.45', '3417.75', '3564.20', '3588.45']"
2018-01-25T02:03:33,CEAT TYRES LOOKING GOOD $CEATLTD ,3507.35,"['3507.35', '3450.45', '3417.75', '3564.20', '3588.45']"
2018-01-24T17:13:20,As far as i concern and #bjp s leader who expose today by @republic TV said that there is no money required 4 burning buses or tyres,3549.00,"['3549.00', '3507.35', '3450.45', '3417.75', '3564.20']"
2018-01-24T13:46:05,No other way unfortunately  and we all pay in the end. Mattresses  curtains  household  builders rubbish  and garden waste don't fit in my plastic carrier bag. Oh  not forgetting the occasional freezer  washing machine  tv  car tyres and so on. I can feel my blood boiling now ,3549.00,"['3549.00', '3507.35', '3450.45', '3417.75', '3564.20']"
2018-02-25T18:11:28,Avon tyres Ltd edition...... What nunber is it,3755.95,"['3755.95', '3748.35', '3769.30', '3706.45', '3677.80']"
2018-02-25T13:55:36,Apollo X Football Khel hai ye Khel Hai Ye Apolo Tyres Tv ad Song Free Download ,3755.95,"['3755.95', '3748.35', '3769.30', '3706.45', '3677.80']"
2018-02-25T12:41:13,Matt. Have a word with Dorna. Tv director totally missed showing bikes re-entering race when 2nd group changed tyres. Tool. otherwise great racing. ,3755.95,"['3755.95', '3748.35', '3769.30', '3706.45', '3677.80']"
2018-02-25T11:42:40,There is no more curling on TV. People are wandering the streets confused  pushing tyres around industrial estate car parks with brooms stolen from B&Q. A lone pigeon coos “Sweep!”,3755.95,"['3755.95', '3748.35', '3769.30', '3706.45', '3677.80']"
2018-03-29T20:10:43,"@channel5_tv How can you get away with your continuity announcer saying ""this is a brand new series of Can't Pay We'll Take It Away"" when I've seen this before. Gary and Connor go outside to find their tyres vandalised.",3265.45,"['3265.45', '3442.95', '3449.05', '3578.90', '3590.20']"
2018-03-29T12:42:14,Lehmann has believed too much of the reviews close insider mates like Warne and Clarke gave him  pumping up his tyres constantly on TV... He is responsible for the shit win at all costs BS culture. He should be clicking his heels we don't ask for his money back,3265.45,"['3265.45', '3442.95', '3449.05', '3578.90', '3590.20']"
2018-03-29T06:14:44,If you want to have faster cars behind slower cars  give free choice if tyres so they can all start on any tyre and can go all through the race on one set if they want. @tiff_tv @Francejohn1,3265.45,"['3265.45', '3442.95', '3449.05', '3578.90', '3590.20']"
2018-03-29T04:14:01,It's got a joker lap it's called tyre changing  something that isn't needed as current tech allows them to build tyres for a whole race.,3265.45,"['3265.45', '3442.95', '3449.05', '3578.90', '3590.20']"
2018-03-29T00:11:22,I love F1 so much but now I'm loosing the appeal it's boring tyres last all race only one stop   no live telemetry on TV for us viewers to enjoy nothing it's getting shit by the minute by the bucketload and there's another trend clearly antiferrari but guess what Ferrari will win,3265.45,"['3265.45', '3442.95', '3449.05', '3578.90', '3590.20']"
2018-04-02T22:59:45,@readyplayerone is one of the best cinematic experiences of my lifetime...was it just me or did the batmobiles screeching tyres sound like the Adam West TV tune??? pic.twitter.com/NEwS98qAMR,3265.45,"['3265.45', '3442.95', '3449.05', '3578.90', '3590.20']"
2018-04-02T16:57:12,Looks like sticking me cyclo-cross tyres on me 700c and getting dirty lol x,3265.45,"['3265.45', '3442.95', '3449.05', '3578.90', '3590.20']"
2018-04-02T12:21:10,APOLLO TYRES - Good to Buy!!! $APOLLOTYRE ,3265.45,"['3265.45', '3442.95', '3449.05', '3578.90', '3590.20']"
2018-04-02T09:54:34,Mercedes Benz Cls 500 Full loaded ( Camera   Leather Seats   Sunroof   Sensors   Tv   Gps   AMG ketback    AMG rims ..etc)  NBk Dealer Service  Single Owner  5 New Tyres Just Renewed One Year registeration Model 2007 Miles 80 000 Only Fixed Price 27 000 Qr  # 77266290 pic.twitter.com/m6y0vbA3lp,3265.45,"['3265.45', '3442.95', '3449.05', '3578.90', '3590.20']"
2018-04-02T09:53:25,Mercedes Benz Cls 500 Full loaded ( Camera   Leather Seats   Sunroof   Sensors   Tv   Gps   AMG ketback    AMG rims ..etc)  NBk Dealer Service  Single Owner   5 New Tyres One Year registeration Model 2007 Miles 80 000 Only Fixed Price 27 000 Qr Contact # 77266290 pic.twitter.com/ciJhJD8szA,3265.45,"['3265.45', '3442.95', '3449.05', '3578.90', '3590.20']"
2018-01-16T15:04:26,Market Now: Auto stocks crack; Apollo Tyres  TVS Motor down 3% [-0.11]: ,3609.10,"['3609.10', '3613.65', '3646.25', '3621.00', '3604.80']"
2018-01-16T10:01:00,Market Now: Auto stocks crack; Apollo Tyres  TVS Motor down 3% ,3609.10,"['3609.10', '3613.65', '3646.25', '3621.00', '3604.80']"
2018-02-28T16:36:25,Nice one Tiff  Maybe if Pirelli had better Wet tyres they'd be able to get them working lol,3769.30,"['3769.30', '3706.45', '3677.80', '3670.45', '3601.00']"
2018-02-28T16:26:40,@ManCityHelp Will the FA WSL Continental Tyres Cup final be on TV?,3769.30,"['3769.30', '3706.45', '3677.80', '3670.45', '3601.00']"
2018-02-28T16:05:47,Not going above 5C is the more significant issue as @pirellisport haven't quite sorted out the studded tyres yet,3769.30,"['3769.30', '3706.45', '3677.80', '3670.45', '3601.00']"
2018-02-28T15:42:17,Nah..but most recruitment comes from Ralco & TVS tyres,3769.30,"['3769.30', '3706.45', '3677.80', '3670.45', '3601.00']"
2018-02-28T14:15:39,"People need to save money on tyres so they can get the latest iPhone  trip to Euro Disney  Elizabeth Duke 9ct Gold Clown Pendant  60"" TV  because that is more important than life itself.",3769.30,"['3769.30', '3706.45', '3677.80', '3670.45', '3601.00']"
2018-02-28T11:23:49,The nets next to their tyres reminds me of TV antennas.,3769.30,"['3769.30', '3706.45', '3677.80', '3670.45', '3601.00']"
2018-02-28T09:37:39,Then you stop eating pineapples  bananas and other goods from other countries. And also stop buying Philips bulbs ( Nietherlands)  Samsung/LG/Philips flatscreen TVs(Hungary  Poland  Slovakia) and tyres (France  Poland  Germany)  power tools. Stop import at all.,3769.30,"['3769.30', '3706.45', '3677.80', '3670.45', '3601.00']"
2018-02-28T07:03:47,Chance for sponsors: A few slow laps with full wet tyres cutting one inch snow layer will be broadcast in TV news... ,3769.30,"['3769.30', '3706.45', '3677.80', '3670.45', '3601.00']"
2018-02-08T18:20:50,The awesome & highly capable @TataMotors Hexa wins the UV/MPV of the Year honours at the 2017 TImes Auto Awards in partnership with @evoIndia & @FastBikesIndia & powered by TVS Tyres pic.twitter.com/gXRemYxXNg,3589.20,"['3589.20', '3627.10', '3642.40', '3644.90', '3634.95']"
2018-02-08T17:20:03,#TVSTYRES- Streets Are Filled With Idiots #Media(Off Late)- Is So Full Of Morons #Period ,3589.20,"['3589.20', '3627.10', '3642.40', '3644.90', '3634.95']"
2018-02-08T14:32:43,The Land Rover Discovery wins the Luxury SUV of the Year honours at the 2017 TImes Auto Awards in partnership with @evoIndia & @FastBikesIndia & powered by TVS Tyres pic.twitter.com/6faWta2Myf,3589.20,"['3589.20', '3627.10', '3642.40', '3644.90', '3634.95']"
2018-02-08T13:44:44,The Harley-Davidson Street Bob is the Cruiser of the Year at the 2017 TImes Auto Awards in partnership with @evoIndia & @FastBikesIndia & powered by TVS Tyres pic.twitter.com/wNpjy8ZlY7,3589.20,"['3589.20', '3627.10', '3642.40', '3644.90', '3634.95']"
2018-02-08T13:44:15,The Tata Nexon is the Compact SUV of the Year at the 2017 TImes Auto Awards in partnership with @evoIndia & @FastBikesIndia & powered by TVS Tyres pic.twitter.com/IqWrohmUkG,3589.20,"['3589.20', '3627.10', '3642.40', '3644.90', '3634.95']"
2018-02-08T13:44:05,The Suzuki Intruder is the Motorcycle of the Year up to 160cc at the 2017 TImes Auto Awards in partnership with @evoIndia & @FastBikesIndia & powered by TVS Tyres pic.twitter.com/wbOGHl3ths,3589.20,"['3589.20', '3627.10', '3642.40', '3644.90', '3634.95']"
2018-02-08T13:43:36,The Skoda Octavia RS wins the Thril of Driving honours at the 2017 TImes Auto Awards in partnership with @evoIndia & @FastBikesIndia & powered by TVS Tyres pic.twitter.com/fffmwUJIVh,3589.20,"['3589.20', '3627.10', '3642.40', '3644.90', '3634.95']"
2018-02-08T13:43:21,The KTM Duke 390 is the Motorcycle of the Year up to 500cc at the 2017 TImes Auto Awards in partnership with @evoIndia & @FastBikesIndia & powered by TVS Tyres pic.twitter.com/pxMntyqCTk,3589.20,"['3589.20', '3627.10', '3642.40', '3644.90', '3634.95']"
2018-02-08T13:42:56,The BMW R 1200 GS is the Adventure Bike of the Year at the 2017 TImes Auto Awards in partnership with @evoIndia & @FastBikesIndia & powered by TVS Tyres pic.twitter.com/MJ4nTnzflP,3589.20,"['3589.20', '3627.10', '3642.40', '3644.90', '3634.95']"
2018-02-08T13:42:40,The @Maruti_Corp Suzuki Ignis is the Hatchback of the Year at the 2017 TImes Auto Awards in partnership with @evoIndia & @FastBikesIndia & powered by TVS Tyres pic.twitter.com/HvL3mPxkfY,3589.20,"['3589.20', '3627.10', '3642.40', '3644.90', '3634.95']"
2018-02-08T13:40:53,The Porsche 718 Cayman is the Performance/ Sportscar of the Year at the 2017 TImes Auto Awards in partnership with @evoIndia & @FastBikesIndia & powered by TVS Tyres pic.twitter.com/uQ9AI08opY,3589.20,"['3589.20', '3627.10', '3642.40', '3644.90', '3634.95']"
2018-02-08T04:48:04,Coke? Pepsi? Ambuja cement? MRF tyres? Asian paints? Eveready batteries? TV? Smartphone? Jio? .... must be some ad campaign for one of these. Tell tell @gauravkapur #WhoIsTheAllRounder ?,3589.20,"['3589.20', '3627.10', '3642.40', '3644.90', '3634.95']"
2018-03-31T09:16:00,MRF tyres worth lakhs stolen from agency in Tarntaran || Hamdard TV: ,3265.45,"['3265.45', '3442.95', '3449.05', '3578.90', '3590.20']"
2018-03-31T09:15:50,I added a video to a @YouTube playlist ,3265.45,"['3265.45', '3442.95', '3449.05', '3578.90', '3590.20']"
2018-03-31T01:45:34,@dbirch214 I remember having seen this scene real-time on TV: Swedish Grand Prix driver Ronnie Peterson spinning the tyres of his lotus JPS 72D in snow at the Silverstone  1973  Int. trophy  April 8th 1973 pic.twitter.com/0B3VZkfBBo,3265.45,"['3265.45', '3442.95', '3449.05', '3578.90', '3590.20']"
2018-02-16T09:28:03,CEAT TYRES BTST ON CONDITIONAL BASIS $CEATLTD ,3696.50,"['3696.50', '3651.20', '3749.20', '3702.35', '3650.10']"
2018-02-16T01:23:07,That's what I keep telling people   Romans maybe invented the wheel but it was thousands years until a scot invented the tyres for it !  Same with tv they spout the propaganda on though with hindsight maybe that wasn't such a clever one lol,3696.50,"['3696.50', '3651.20', '3749.20', '3702.35', '3650.10']"
2018-04-10T18:15:03,9 is good  nothing hugely outstanding - hats off for looking after the tyres tho. Bottas more like 7/8 didn't really challenge Vettel compared to if Hamilton had been in his place! Now that would have been interesting & fun!  I would have given Hamilton 8 - that overtake ,3652.75,"['3652.75', '3653.75', '3609.45', '3631.90', '3601.00']"
2018-04-10T17:27:30,Think he well deserved the win managing to stay in front on well knackered tyres...,3652.75,"['3652.75', '3653.75', '3609.45', '3631.90', '3601.00']"
2018-04-10T16:52:39,I don't understand the premise of your question. I have seen faster cars come from the back of the grid and end up in the points or win. My point is waiting for Vettle's tyres to go off the cliff is not what I would call an amazing drive as the TV's tweet suggests.,3652.75,"['3652.75', '3653.75', '3609.45', '3631.90', '3601.00']"
2018-04-10T10:59:12,Man who #dumped TV  tyres and concrete in State forest in #Jandabup was fined in Joondalup Magistrates Court on Friday #perthnews,3652.75,"['3652.75', '3653.75', '3609.45', '3631.90', '3601.00']"
2018-04-10T10:59:10,Man who #dumped TV  tyres and concrete in State forest in #Jandabup was fined in Joondalup Magistrates Court on Friday #perthnews ,3652.75,"['3652.75', '3653.75', '3609.45', '3631.90', '3601.00']"
2018-04-10T10:25:17,I’ve been out by Osterley and beyond in the past and don’t recall it this bad so I guess you’re right. I was just really shocked this morn. If I see a gel wrapper at home I get indignant but today it was TVs  Tyres  Suitcases and shit all over.,3652.75,"['3652.75', '3653.75', '3609.45', '3631.90', '3601.00']"
2018-04-10T07:36:58,Supporters Of Thippeswamy Protest & Sets Tyres On Fire As He Didn't Get Ticket From BJP: ,3652.75,"['3652.75', '3653.75', '3609.45', '3631.90', '3601.00']"
2018-03-01T21:51:14,Top Bad Weather Tip: No  of course you can't drive in #uksnow  the same way people are seen doing in #Canada  on TV. Literally everyone here has two sets of tyres; soon as #winter hits they swap over to the ones especially designed for #Liberals pic.twitter.com/7BHCGbuYD9,3706.45,"['3706.45', '3677.80', '3670.45', '3601.00', '3580.10']"
2018-03-01T20:19:36,#BigFreezeOn5 - on all TV reports of road chaos  there has been no mention of use of Winter/All-Weather Tyres - appreciate why people don't have them  but a bit of education would be good,3706.45,"['3706.45', '3677.80', '3670.45', '3601.00', '3580.10']"
2018-03-01T19:06:00,We made it to the rather snowy Peak District (roads were actually pretty good  just last few miles a bit covered and winter tyres did a great job). Now got red wine  wood burning stove and cycling on TV. Life is good  hiding from the storm. See you on the otherside  pic.twitter.com/N0WhQuxv75,3706.45,"['3706.45', '3677.80', '3670.45', '3601.00', '3580.10']"
2018-03-01T17:21:33,Precisely the fact that most drivers don’t understand: if the vehicle is ‘pushed’ (which many do because they have ‘winters’ fitted) the tyre will merely slip. If pedals are left alone  the packed snow WILL provide the ‘sticky’ needed. Cue next TV news film of tyres spinning!!,3706.45,"['3706.45', '3677.80', '3670.45', '3601.00', '3580.10']"
2018-03-01T14:23:05,Hope you have got snow tyres,3706.45,"['3706.45', '3677.80', '3670.45', '3601.00', '3580.10']"
2018-03-15T23:43:08,TVS Apache RTR 160 Top Features: Race-Derived Chassis  Digital Speedometer  Pirelli Tyres & More ,3397.80,"['3397.80', '3333.25', '3188.40', '3186.60', '3167.25']"
2018-03-15T19:23:10,Especially for the rear tyres....,3397.80,"['3397.80', '3333.25', '3188.40', '3186.60', '3167.25']"
2018-03-15T07:00:54,TVS Apache RTR 160 Top Features: Race-Derived Chassis  Digital Speedometer  Pirelli Tyres & More - ,3397.80,"['3397.80', '3333.25', '3188.40', '3186.60', '3167.25']"
2018-03-15T06:37:35,TVS Apache RTR 160 Top Features: Race-Derived Chassis  Digital Speedometer  Pirelli Tyres & More ,3397.80,"['3397.80', '3333.25', '3188.40', '3186.60', '3167.25']"
2018-03-15T06:37:16,TVS Apache RTR 160 Top Features: Race-Derived Chassis  Digital Speedometer  Pirelli Tyres & More ,3397.80,"['3397.80', '3333.25', '3188.40', '3186.60', '3167.25']"
2018-03-15T06:20:54,TVS Apache RTR 160 Top Features: Race-Derived Chassis  Digital Speedometer  Pirelli Tyres & More.. ,3397.80,"['3397.80', '3333.25', '3188.40', '3186.60', '3167.25']"
2018-03-15T06:11:06,TVS Apache RTR 160 Top Features: Race-Derived Chassis  Digital Speedometer  Pirelli Tyres & More - ,3397.80,"['3397.80', '3333.25', '3188.40', '3186.60', '3167.25']"
2018-02-09T16:01:10,Auto Expo 2018: TVS Tyres makes a mark with latest range ,3627.10,"['3627.10', '3642.40', '3644.90', '3634.95', '3696.50']"
2018-02-09T14:01:01,TVS Tyres makes a mark at AUTO EXPO 2018 with latest range ,3627.10,"['3627.10', '3642.40', '3644.90', '3634.95', '3696.50']"
2018-02-09T09:59:31,Getting ready for new tyres to be fitted #ktm #superadventure1290 #superadventure #tkc80… ,3627.10,"['3627.10', '3642.40', '3644.90', '3634.95', '3696.50']"
2018-02-09T08:00:10,From among a clutch of great new cars from so very many different OEMs  the brilliant new @TataMotors NEXON is adjudged the CAR OF THE YEAR at the 2017 TImes Auto Awards in partnership with @evoIndia & @FastBikesIndia & powered by TVS Tyres pic.twitter.com/rVVw8cUFtu,3627.10,"['3627.10', '3642.40', '3644.90', '3634.95', '3696.50']"
2018-02-09T07:57:24,The KTM Duke 390 wins the biggest award there is in the Indian biking world! Adjudged BIKE OF THE YEAR at the 2017 TImes Auto Awards in partnership with @evoIndia & @FastBikesIndia & powered by TVS Tyres pic.twitter.com/KHVpUt7MHa,3627.10,"['3627.10', '3642.40', '3644.90', '3634.95', '3696.50']"
2018-02-09T07:51:54,Bike Maker of the Year at the 2017 TImes Auto Awards in partnership with @evoIndia & @FastBikesIndia & powered by TVS Tyres is TVS Motor Co. Ltd. pic.twitter.com/ksamftyeGA,3627.10,"['3627.10', '3642.40', '3644.90', '3634.95', '3696.50']"
2018-02-09T07:49:44,@fcagroup India’s Jeep Compass wins big at the 2017 TImes Auto Awards in partnership with @evoIndia & @FastBikesIndia & powered by TVS Tyres. It is the SUV of the Year! pic.twitter.com/qMt90iz61B,3627.10,"['3627.10', '3642.40', '3644.90', '3634.95', '3696.50']"
2018-02-09T07:48:34,In keeping with its highest prestige standards @MercedesBenzInd new gen E-class wins the Luxury Sedan of the Year honours at the 2017 TImes Auto Awards in partnership with @evoIndia & @FastBikesIndia & powered by TVS Tyres pic.twitter.com/bM4nVgZcQt,3627.10,"['3627.10', '3642.40', '3644.90', '3634.95', '3696.50']"
2018-02-09T07:47:18,@BMWMotorrad entered India in 2017 & its magnificent R Nine T was adjudged Neo-retro Motorcycle of the Year at the 2017 TImes Auto Awards in partnership with @evoIndia & @FastBikesIndia & powered by TVS Tyres @bmwindiapic.twitter.com/4K2VX6XWex,3627.10,"['3627.10', '3642.40', '3644.90', '3634.95', '3696.50']"
2018-02-09T07:45:33,@TataMotors awesome & highly capable Hexa wins the UV/MPV of the Year honours at the 2017 TImes Auto Awards in partnership with @evoIndia & @FastBikesIndia & powered by TVS Tyres pic.twitter.com/iH9w4LIwKo,3627.10,"['3627.10', '3642.40', '3644.90', '3634.95', '3696.50']"
2018-02-09T07:43:37,@IndiaTriumph Street Triple RS walked away with the Naked Sports Motorcycle of the Year honours at the 2017 TImes Auto Awards in partnership with @evoIndia & @FastBikesIndia & powered by TVS Tyres pic.twitter.com/JZ2Q93MFyY,3627.10,"['3627.10', '3642.40', '3644.90', '3634.95', '3696.50']"
2018-02-09T07:39:12,The stunningly crafted @TataMotors Nexon was adjudged Automotive Design of the Year at the 2017 TImes Auto Awards in partnership with @evoIndia & @FastBikesIndia & powered by TVS Tyres pic.twitter.com/QAj1C0VM3l,3627.10,"['3627.10', '3642.40', '3644.90', '3634.95', '3696.50']"
2018-02-09T07:35:57,@hero_motosports takes the Bikesport Team of the Year honours at the 2017 TImes Auto Awards in partnership with @evoIndia & @FastBikesIndia & powered by TVS Tyres pic.twitter.com/GyKforI7eR,3627.10,"['3627.10', '3642.40', '3644.90', '3634.95', '3696.50']"
2018-02-09T07:23:37,For yet another year @MahindraRacing took the Motorsport Team of the Year honours at the 2017 TImes Auto Awards in partnership with @evoIndia & @FastBikesIndia & powered by TVS Tyres pic.twitter.com/V58WTZDEvx,3627.10,"['3627.10', '3642.40', '3644.90', '3634.95', '3696.50']"
2018-02-09T07:23:15,Triple FIA APRC champ & 5-time INRC champ @Gillracing takes the Indian Motorsportsman of the Year honours at the 2017 TImes Auto Awards in partnership with @evoIndia & @FastBikesIndia & powered by TVS Tyres pic.twitter.com/KqMUubT9qu,3627.10,"['3627.10', '3642.40', '3644.90', '3634.95', '3696.50']"
2018-02-09T06:30:14,The @HyundaiIndia Verna wins the Premium Sedan of the Year honours at the 2017 TImes Auto Awards in partnership with @evoIndia & @FastBikesIndia & powered by TVS Tyres pic.twitter.com/cK5GRZAvYq,3627.10,"['3627.10', '3642.40', '3644.90', '3634.95', '3696.50']"
2018-02-09T06:10:45,The Suzuki GSX-R 1000R is the Superbike of the Year honours at the 2017 TImes Auto Awards in partnership with @evoIndia & @FastBikesIndia & powered by TVS Tyres pic.twitter.com/VU6xjquL13,3627.10,"['3627.10', '3642.40', '3644.90', '3634.95', '3696.50']"
2018-02-09T06:06:45,The @honda2wheelerin Cliq wins the Scooter of the Year honours at the 2017 TImes Auto Awards in partnership with @evoIndia & @FastBikesIndia & powered by TVS Tyres pic.twitter.com/8naDPrWZX2,3627.10,"['3627.10', '3642.40', '3644.90', '3634.95', '3696.50']"
2018-02-09T06:04:11,KTM’s 250 Duke is the Motorcycle of the Year up to 250cc at the 2017 TImes Auto Awards in partnership with @evoIndia & @FastBikesIndia & powered by TVS Tyres pic.twitter.com/I7f6bS1DPC,3627.10,"['3627.10', '3642.40', '3644.90', '3634.95', '3696.50']"
2018-02-09T05:56:59,@Maruti_Corp Suzuki Dzire wins the Compact Sedan of the Year honours at the 2017 TImes Auto Awards in partnership with @evoIndia & @FastBikesIndia & powered by TVS Tyres pic.twitter.com/BvK1o9dQFA,3627.10,"['3627.10', '3642.40', '3644.90', '3634.95', '3696.50']"
2018-02-09T05:56:36,@MSArenaOfficial set the pace for the mass market while @MercedesBenzInd outsold the next 2 in the luxury class hands down! Worthy winners of the Car Maker of the year accolades at the 2017 TImes Auto Awards in partnership with @evoIndia & @FastBikesIndia & powered by TVS Tyres pic.twitter.com/b7VTc3CskP,3627.10,"['3627.10', '3642.40', '3644.90', '3634.95', '3696.50']"
2018-02-05T14:36:42,TVS Motor's latest scooter comes with USB charger  front disc brake  daytime running lamps  wider 110x80 R12 tyres #TVSNTORQ125,3423.25,"['3423.25', '3450.45', '3500.70', '3589.20', '3627.10']"
2018-02-05T14:28:58,#TVSNTORQ125  Yessssss    enjoying this Amazing n really fantastic TVS Motor's NTORQ 125  comes with wider 110x80 R12 tyres,3423.25,"['3423.25', '3450.45', '3500.70', '3589.20', '3627.10']"
2018-02-05T14:28:54,#TVSNTORQ125  The TVS Motor's latest scooter comes with fully digital speedometer  telescopic suspension  external fuel cap  engine kill switch  USB charger  front disc brake  daytime running lamps  wider 110x80 R12 tyres & not to forget  LED tail lamps.... Great,3423.25,"['3423.25', '3450.45', '3500.70', '3589.20', '3627.10']"
2018-02-05T14:22:25,#TVSNTORQ125 Yes  greatly enjoying this fantastic TVS Motor's NTORQ 125  comes with wider 110x80 R12 tyres,3423.25,"['3423.25', '3450.45', '3500.70', '3589.20', '3627.10']"
2018-02-05T14:22:25,#TVSNTORQ125 Yes  greatly enjoying this fantastic TVS Motor's NTORQ 125  comes with wider 110x80 R12 tyres,3423.25,"['3423.25', '3450.45', '3500.70', '3589.20', '3627.10']"
2018-02-05T14:21:27,Such huge step toward making smart scooter like cars  daytime running lamps  wider 110x80 R12 tyres & not to forget  LED tail lamps. Well done!  TVS Motor's NTORQ 125 can 124.79cc  four stroke engine #TVSNTORQ125!,3423.25,"['3423.25', '3450.45', '3500.70', '3589.20', '3627.10']"
2018-02-05T14:18:35,#TVSNTORQ125 Yes  greatly enjoying this fantastic TVS Motor's NTORQ 125  comes with wider 110x80 R12 tyres,3423.25,"['3423.25', '3450.45', '3500.70', '3589.20', '3627.10']"
2018-02-05T14:07:48,TVS Motor's latest scooter comes with fully digital speedometer  telescopic suspension  external fuel cap  engine kill switch  USB charger  front disc brake  daytime running lamps  wider 110x80 R12 tyres & not to forget  LED tail lamps Phewww #TVSNTORQ125,3423.25,"['3423.25', '3450.45', '3500.70', '3589.20', '3627.10']"
2018-02-05T13:35:46,Tweeps #TVSNTORQ125 The TVS Motor's latest scooter comes with daytime running lamps  wider 110x80 R12 tyres!!,3423.25,"['3423.25', '3450.45', '3500.70', '3589.20', '3627.10']"
2018-02-05T13:23:04,#TVSNTORQ125 The TVS Motor's latest scooter comes with daytime running lamps  wider 110x80 R12 tyres,3423.25,"['3423.25', '3450.45', '3500.70', '3589.20', '3627.10']"
2018-02-05T13:19:54,#TVSNTORQ125 The TVS Motor's latest scooter comes with daytime running lamps  wider 110x80 R12 tyres,3423.25,"['3423.25', '3450.45', '3500.70', '3589.20', '3627.10']"
2018-02-05T13:19:00,#TVSNTORQ125 The TVS Motor's latest scooter comes with daytime running lamps  wider 110x80 R12 tyres,3423.25,"['3423.25', '3450.45', '3500.70', '3589.20', '3627.10']"
2018-02-05T13:13:37,#TVSNTORQ125 Wow! TVS Motor's latest scooter have some outstanding features like daytime running lamps  wider 110x80 R12 tyres  external fuel cap. This is really amazing!,3423.25,"['3423.25', '3450.45', '3500.70', '3589.20', '3627.10']"
2018-02-05T13:13:06,U name it & #TVSNTORQ125 has it. The TVS Motor's latest scooter comes with fully digital speedometer  telescopic suspension  external fuel cap  engine kill switch  USB charger  front disc brake  daytime running lamps  wider 110x80 R12 tyres & not to forget  LED tail lamps. Wao,3423.25,"['3423.25', '3450.45', '3500.70', '3589.20', '3627.10']"
2018-02-05T13:09:10,#TVSNTORQ125 The TVS Motor's latest scooter comes with daytime running lamps  wider 110x80 R12 tyres,3423.25,"['3423.25', '3450.45', '3500.70', '3589.20', '3627.10']"
2018-02-05T12:59:36,#TVSNTORQ125 The TVS Motor's latest scooter comes with daytime running lamps  wider 110x80 R12 tyres,3423.25,"['3423.25', '3450.45', '3500.70', '3589.20', '3627.10']"
2018-02-05T12:59:35,#TVSNTORQ125 The TVS Motor's latest scooter comes with daytime running lamps  wider 110x80 R12 tyres,3423.25,"['3423.25', '3450.45', '3500.70', '3589.20', '3627.10']"
2018-02-05T12:59:10,#TVSNTORQ125 The TVS Motor's latest scooter comes with daytime running lamps  wider 110x80 R12 tyres,3423.25,"['3423.25', '3450.45', '3500.70', '3589.20', '3627.10']"
2018-02-05T12:56:12,#TVSNTORQ125 The TVS Motor's latest scooter comes with daytime running lamps  wider 110x80 R12 tyres,3423.25,"['3423.25', '3450.45', '3500.70', '3589.20', '3627.10']"
2018-02-05T12:55:29,#TVSNTORQ125 The TVS Motor's latest scooter comes with daytime running lamps  wider 110x80 R12 tyres,3423.25,"['3423.25', '3450.45', '3500.70', '3589.20', '3627.10']"
2018-02-05T12:54:43,#TVSNTORQ125 The TVS Motor's latest scooter comes with daytime running lamps  wider 110x80 R12 tyres,3423.25,"['3423.25', '3450.45', '3500.70', '3589.20', '3627.10']"
2018-02-05T12:53:19,#TVSNTORQ125 The TVS Motor's latest scooter comes with daytime running lamps  wider 110x80 R12 tyres,3423.25,"['3423.25', '3450.45', '3500.70', '3589.20', '3627.10']"
2018-02-05T12:53:19,#TVSNTORQ125 The TVS Motor's latest scooter comes with daytime running lamps  wider 110x80 R12 tyres,3423.25,"['3423.25', '3450.45', '3500.70', '3589.20', '3627.10']"
2018-02-05T12:53:19,#TVSNTORQ125 The TVS Motor's latest scooter comes with daytime running lamps  wider 110x80 R12 tyres,3423.25,"['3423.25', '3450.45', '3500.70', '3589.20', '3627.10']"
2018-02-05T12:47:57,#TVSNTORQ125 @BaapKaRaj TVS Motor's latest scooter comes  with USB  charger  front disc brake  daytime running  lamps  wider 110x80 R12 tyres & LED tail lamps,3423.25,"['3423.25', '3450.45', '3500.70', '3589.20', '3627.10']"
2018-02-05T12:46:50,#TVSNTORQ125 @BaapKaRaj TVS Motor's latest scooter comes  with USB  charger  front disc brake  daytime running  lamps  wider 110x80 R12 tyres & LED tail lamps,3423.25,"['3423.25', '3450.45', '3500.70', '3589.20', '3627.10']"
2018-02-05T12:46:49,#TVSNTORQ125 @shradz2006 TVS Motor's latest scooter comes  with USB  charger  front disc brake  daytime running  lamps  wider 110x80 R12 tyres & LED tail lamps,3423.25,"['3423.25', '3450.45', '3500.70', '3589.20', '3627.10']"
2018-02-05T12:46:37,#TVSNTORQ125 The TVS Motor's latest scooter comes with daytime running lamps  wider 110x80 R12 tyres,3423.25,"['3423.25', '3450.45', '3500.70', '3589.20', '3627.10']"
2018-02-05T12:45:39,#TVSNTORQ125 TVS Motor's latest scooter comes  with USB  charger  front disc brake  daytime running  lamps  wider 110x80 R12 tyres & LED tail lamps,3423.25,"['3423.25', '3450.45', '3500.70', '3589.20', '3627.10']"
2018-02-05T12:13:45,TVS Motor's NTORQ 125 is inspired from the Graphite concept showcased at last years Auto Expo. It has a engine kill switch  USB charger  front disc brake  daytime running  lamps  wider 110x80 R12 tyres & also LED tail lamps #TVSNTORQ125,3423.25,"['3423.25', '3450.45', '3500.70', '3589.20', '3627.10']"
2018-02-05T11:14:37,#TVSNTORQ125 TVS NTORQ 125 comes with digital speedometer  telescopic suspension  external fuel cap  engine kill switch  USB charger  front disc brake  daytime running lamps  wider 110x80 R12 tyres & last but not the least LED tail lamps.,3423.25,"['3423.25', '3450.45', '3500.70', '3589.20', '3627.10']"
2018-02-05T11:09:58,You name it & #TVSNTORQ125 has it. The TVS Motor's latest scooter comes with fully digital speedometer  telescopic suspension  external fuel cap  engine kill switch  USB charger  front disc brake  daytime running lamps  wider 110x80 R12 tyres & not to forget  LED tail lamps.,3423.25,"['3423.25', '3450.45', '3500.70', '3589.20', '3627.10']"
2018-02-05T11:07:53,Kudos to TVS Motor for bringing #TVSNTORQ125 with fully digital speedometer  telescopic suspension  external fuel cap  engine kill switch  USB charger  front disc brake  daytime running lamps  wider 110x80 R12 tyres & not to forget  LED tail lamps...,3423.25,"['3423.25', '3450.45', '3500.70', '3589.20', '3627.10']"
2018-02-05T11:06:42,The TVS Motor's #TVSNTORQ125 latest scooter comes back thoroughly digital speedometer  telescopic interruption  uncovered fuel hat  engine kill switch  USB charger  stomach disc brake  wider 110x80 R12 tyres & not to forget  LED tail lamps. Well the withdraw!,3423.25,"['3423.25', '3450.45', '3500.70', '3589.20', '3627.10']"
2018-02-05T11:05:56,#TVSNTORQ125 has it all The TVS Motor's latest scooter comes with fully digital speedometer  telescopic suspension  external fuel cap  engine kill switch  USB charger  front disc brake  daytime running lamps  wider 110x80 R12 tyres & not to forget  LED tail lamps. Well done!,3423.25,"['3423.25', '3450.45', '3500.70', '3589.20', '3627.10']"
